news_id	publish_time
N1	2017-01-06 08:44:47
N100	2017-01-07 16:42:58
N1000	2017-01-07 19:46:44
N1010	2017-01-11 19:57:55
N1017	2017-01-10 07:03:41
N1021	2017-01-06 19:58:18
N1029	2017-01-05 07:15:54
N103	2017-01-06 01:09:28
N1035	2017-01-07 09:12:19
N1037	2017-01-05 04:24:40
N104	2017-01-05 00:08:00
N1042	2017-01-05 00:05:33
N1052	2017-01-10 23:03:32
N1061	2017-01-07 03:51:06
N1062	2017-01-10 18:10:45
N1068	2017-01-08 04:46:51
N1069	2017-01-06 13:50:36
N107	2017-01-05 02:27:51
N1070	2017-01-07 22:31:50
N1079	2017-01-06 01:21:22
N108	2017-01-09 16:28:10
N109	2017-01-07 07:04:49
N1091	2017-01-06 03:06:23
N1097	2017-01-06 03:29:15
N1098	2017-01-11 06:56:28
N110	2017-01-05 17:11:44
N1106	2017-01-11 02:53:11
N111	2017-01-06 05:04:18
N112	2017-01-05 22:27:55
N1125	2017-01-06 03:07:16
N1128	2017-01-05 09:42:52
N113	2017-01-07 18:03:11
N1133	2017-01-07 15:51:43
N114	2017-01-06 00:25:49
N1145	2017-01-06 16:59:41
N1147	2017-01-08 23:35:20
N115	2017-01-07 04:01:51
N1152	2017-01-11 16:11:19
N1168	2017-01-09 02:01:46
N117	2017-01-11 10:29:59
N1170	2017-01-09 01:31:09
N1179	2017-01-05 05:56:22
N1180	2017-01-09 01:30:21
N1181	2017-01-08 21:41:29
N1182	2017-01-08 04:37:43
N1185	2017-01-11 17:47:49
N1194	2017-01-05 21:20:16
N1203	2017-01-07 05:34:10
N1204	2017-01-07 03:14:17
N1212	2017-01-05 01:19:31
N1221	2017-01-05 02:35:54
N1226	2017-01-06 10:49:44
N1229	2017-01-07 18:02:48
N1230	2017-01-05 18:03:29
N1233	2017-01-08 01:20:48
N1234	2017-01-11 08:14:55
N1243	2017-01-08 19:47:09
N1245	2017-01-10 17:32:51
N1249	2017-01-06 20:19:57
N1259	2017-01-08 05:34:24
N126	2017-01-07 19:52:54
N1267	2017-01-05 04:33:13
N127	2017-01-05 03:08:03
N1272	2017-01-05 16:09:57
N1276	2017-01-05 06:53:18
N1277	2017-01-06 08:35:10
N128	2017-01-05 05:34:26
N1282	2017-01-11 01:35:49
N1287	2017-01-05 00:08:53
N1292	2017-01-09 02:00:46
N1299	2017-01-05 01:25:27
N13	2017-01-05 04:08:54
N131	2017-01-05 02:51:14
N1317	2017-01-11 01:10:12
N1323	2017-01-09 05:28:41
N1325	2017-01-08 20:16:22
N133	2017-01-05 22:02:03
N1330	2017-01-08 06:58:59
N1342	2017-01-06 17:49:47
N1352	2017-01-11 02:10:26
N1354	2017-01-09 05:45:40
N1357	2017-01-11 00:51:53
N1359	2017-01-06 01:09:33
N136	2017-01-11 16:12:22
N1360	2017-01-07 07:32:43
N137	2017-01-05 01:57:32
N1373	2017-01-05 02:27:25
N1378	2017-01-10 20:56:09
N139	2017-01-10 09:30:47
N1395	2017-01-06 15:03:30
N1397	2017-01-09 22:48:51
N14	2017-01-05 06:10:31
N1401	2017-01-08 22:36:31
N1408	2017-01-07 23:21:41
N1420	2017-01-05 00:52:56
N1427	2017-01-05 00:06:20
N1428	2017-01-07 08:30:43
N1430	2017-01-07 06:48:27
N1435	2017-01-10 04:22:03
N1436	2017-01-09 22:15:56
N1437	2017-01-10 09:42:39
N1441	2017-01-06 01:08:42
N1449	2017-01-05 01:52:36
N145	2017-01-06 18:28:01
N1452	2017-01-06 08:18:25
N1456	2017-01-05 03:37:37
N1458	2017-01-06 17:19:59
N1471	2017-01-06 10:38:21
N1472	2017-01-07 11:51:46
N1473	2017-01-05 23:57:20
N1480	2017-01-05 04:58:50
N1481	2017-01-06 04:21:48
N1498	2017-01-07 02:13:28
N15	2017-01-06 00:31:56
N150	2017-01-05 03:40:28
N1500	2017-01-10 02:20:17
N1506	2017-01-09 03:20:06
N151	2017-01-09 02:57:37
N1518	2017-01-05 06:08:30
N1524	2017-01-05 20:57:08
N1528	2017-01-08 04:14:18
N1538	2017-01-05 04:52:17
N1539	2017-01-11 16:22:32
N1550	2017-01-05 23:16:47
N156	2017-01-08 08:17:45
N1562	2017-01-05 16:50:38
N1568	2017-01-10 18:18:22
N1570	2017-01-11 05:31:11
N158	2017-01-06 06:28:33
N1580	2017-01-05 06:51:27
N1591	2017-01-07 05:09:33
N16	2017-01-05 01:22:02
N1601	2017-01-05 21:55:11
N1609	2017-01-07 02:15:45
N1624	2017-01-11 06:56:11
N1629	2017-01-11 05:16:40
N163	2017-01-05 01:13:14
N1634	2017-01-05 00:24:55
N164	2017-01-05 05:28:57
N1642	2017-01-06 05:25:19
N1650	2017-01-11 23:34:49
N166	2017-01-05 07:53:45
N1663	2017-01-08 04:29:05
N1665	2017-01-09 01:50:38
N1669	2017-01-10 03:45:13
N167	2017-01-05 09:44:42
N168	2017-01-09 23:54:37
N1683	2017-01-06 05:34:24
N1688	2017-01-05 08:40:18
N1692	2017-01-07 07:54:01
N1696	2017-01-07 19:33:13
N17	2017-01-05 01:07:55
N170	2017-01-06 19:52:32
N171	2017-01-11 21:53:20
N1714	2017-01-10 03:28:55
N1718	2017-01-05 00:19:57
N1719	2017-01-05 15:23:30
N1723	2017-01-05 14:33:27
N1724	2017-01-07 16:29:06
N1725	2017-01-05 05:14:42
N1728	2017-01-07 09:51:00
N1735	2017-01-05 13:20:41
N1737	2017-01-11 09:44:05
N1739	2017-01-10 19:15:31
N1745	2017-01-06 05:59:18
N1749	2017-01-09 07:55:18
N1751	2017-01-08 20:52:18
N1762	2017-01-05 00:18:44
N1764	2017-01-05 21:46:58
N1765	2017-01-05 17:03:35
N1766	2017-01-06 03:49:25
N1767	2017-01-07 03:48:04
N1768	2017-01-05 00:38:33
N177	2017-01-10 19:39:44
N1770	2017-01-05 02:06:29
N1773	2017-01-05 02:07:29
N1775	2017-01-10 03:35:41
N1776	2017-01-05 18:17:57
N1778	2017-01-05 19:50:15
N1779	2017-01-05 07:10:05
N1780	2017-01-10 07:08:55
N1782	2017-01-05 17:45:07
N1783	2017-01-08 22:39:08
N1784	2017-01-05 00:02:09
N1785	2017-01-05 01:40:52
N1786	2017-01-05 01:59:03
N1787	2017-01-07 05:31:20
N1788	2017-01-05 22:11:24
N1789	2017-01-05 05:25:22
N179	2017-01-08 21:34:41
N1791	2017-01-06 01:42:20
N1792	2017-01-09 19:47:32
N1794	2017-01-07 12:55:49
N1798	2017-01-09 20:26:26
N18	2017-01-09 02:02:02
N1800	2017-01-05 03:02:32
N1801	2017-01-05 00:51:00
N1802	2017-01-06 19:16:15
N1803	2017-01-08 01:22:06
N1807	2017-01-09 12:00:47
N1808	2017-01-05 17:12:32
N1810	2017-01-07 18:05:01
N1815	2017-01-09 02:57:05
N1816	2017-01-09 07:43:48
N1819	2017-01-05 04:47:44
N182	2017-01-05 23:54:02
N1821	2017-01-07 05:29:16
N1822	2017-01-08 02:42:01
N1823	2017-01-05 02:18:07
N1824	2017-01-10 23:02:58
N183	2017-01-10 23:11:13
N1830	2017-01-05 00:17:53
N1832	2017-01-07 01:45:57
N1833	2017-01-10 02:31:03
N1834	2017-01-05 15:54:19
N1836	2017-01-08 19:40:59
N1840	2017-01-05 03:07:09
N1841	2017-01-09 05:59:25
N1843	2017-01-07 15:37:43
N1845	2017-01-05 22:31:26
N1847	2017-01-06 00:21:16
N185	2017-01-06 02:08:14
N1855	2017-01-10 04:55:38
N1861	2017-01-05 02:51:48
N1862	2017-01-08 01:27:02
N1867	2017-01-06 04:22:07
N1871	2017-01-10 07:02:25
N1872	2017-01-10 01:13:59
N1873	2017-01-05 23:52:41
N1875	2017-01-05 23:40:15
N1877	2017-01-06 00:54:44
N1878	2017-01-05 03:46:05
N1883	2017-01-05 01:30:16
N1885	2017-01-07 21:54:23
N1886	2017-01-07 00:06:31
N1889	2017-01-05 00:51:08
N189	2017-01-09 16:22:33
N1892	2017-01-10 00:42:29
N1899	2017-01-05 16:55:16
N19	2017-01-05 01:13:49
N190	2017-01-05 04:44:53
N1901	2017-01-05 01:13:02
N1903	2017-01-05 01:13:31
N191	2017-01-07 07:30:56
N1910	2017-01-07 20:20:08
N1911	2017-01-05 00:32:06
N1912	2017-01-05 21:03:03
N1916	2017-01-05 00:45:30
N1919	2017-01-10 06:48:39
N1920	2017-01-06 16:04:59
N1921	2017-01-06 05:34:45
N1922	2017-01-06 10:17:26
N1923	2017-01-05 01:39:20
N1925	2017-01-06 00:55:12
N1927	2017-01-07 20:19:32
N1929	2017-01-09 02:23:13
N1930	2017-01-06 00:18:59
N1931	2017-01-05 00:20:06
N1934	2017-01-06 05:32:33
N1935	2017-01-07 02:46:28
N1939	2017-01-07 18:43:25
N1947	2017-01-05 16:15:28
N195	2017-01-09 09:43:43
N1951	2017-01-09 16:40:59
N1954	2017-01-05 15:34:40
N1959	2017-01-07 18:34:32
N1962	2017-01-10 07:21:45
N1965	2017-01-05 00:44:53
N1966	2017-01-05 08:01:33
N1967	2017-01-07 04:54:02
N1970	2017-01-05 18:40:13
N1972	2017-01-09 17:22:10
N1976	2017-01-06 15:12:57
N1978	2017-01-07 05:21:40
N1983	2017-01-08 03:36:07
N1985	2017-01-05 00:10:59
N1987	2017-01-05 00:44:20
N1996	2017-01-07 02:48:01
N1997	2017-01-10 10:29:28
N2	2017-01-05 01:50:56
N20	2017-01-05 21:01:38
N2003	2017-01-05 22:06:56
N2009	2017-01-05 00:26:09
N2011	2017-01-10 04:14:29
N2014	2017-01-06 14:55:20
N2016	2017-01-09 02:55:43
N2022	2017-01-05 00:34:18
N2025	2017-01-05 22:50:57
N2027	2017-01-08 04:51:49
N2033	2017-01-05 07:38:42
N2035	2017-01-07 21:12:18
N2036	2017-01-06 21:25:39
N2038	2017-01-05 06:37:10
N2039	2017-01-05 05:59:14
N2041	2017-01-05 01:26:42
N2042	2017-01-07 13:06:38
N2044	2017-01-05 00:35:20
N2048	2017-01-05 02:47:33
N205	2017-01-05 01:25:40
N2056	2017-01-05 04:56:55
N2058	2017-01-11 23:31:30
N2064	2017-01-05 21:04:07
N2074	2017-01-05 00:03:53
N2081	2017-01-05 22:22:23
N2082	2017-01-09 05:36:41
N2083	2017-01-08 00:55:30
N2086	2017-01-07 19:42:43
N2087	2017-01-05 00:35:29
N209	2017-01-05 22:49:35
N2090	2017-01-05 03:38:41
N2091	2017-01-05 03:41:04
N2092	2017-01-10 05:58:55
N2093	2017-01-05 04:16:50
N2095	2017-01-06 09:45:52
N2096	2017-01-05 02:32:27
N2098	2017-01-05 23:37:01
N2102	2017-01-07 01:21:24
N2106	2017-01-05 01:24:27
N211	2017-01-06 07:53:13
N2121	2017-01-05 01:39:16
N2122	2017-01-05 00:32:16
N2123	2017-01-05 01:51:02
N2125	2017-01-07 02:47:45
N2126	2017-01-07 11:43:59
N2128	2017-01-05 00:59:05
N2133	2017-01-05 23:22:19
N214	2017-01-11 07:22:44
N2141	2017-01-10 00:29:01
N2146	2017-01-07 17:46:56
N2148	2017-01-09 03:31:29
N2151	2017-01-05 16:22:08
N2158	2017-01-05 00:15:14
N216	2017-01-06 22:19:02
N2160	2017-01-05 00:31:18
N2161	2017-01-05 05:12:43
N2168	2017-01-05 06:30:30
N2173	2017-01-10 07:46:10
N2174	2017-01-05 18:01:14
N2176	2017-01-08 01:48:44
N2177	2017-01-09 06:46:11
N218	2017-01-08 04:59:40
N2183	2017-01-08 17:00:48
N2186	2017-01-05 01:02:39
N2191	2017-01-05 07:03:41
N2193	2017-01-05 07:56:38
N2194	2017-01-06 02:43:04
N2197	2017-01-10 06:55:23
N2198	2017-01-05 22:00:04
N2201	2017-01-05 15:21:15
N2202	2017-01-05 23:27:20
N2204	2017-01-05 07:43:18
N2208	2017-01-05 04:55:37
N2210	2017-01-09 19:38:13
N2212	2017-01-05 03:29:09
N2214	2017-01-06 03:21:14
N2215	2017-01-05 00:29:16
N2219	2017-01-06 15:56:21
N222	2017-01-11 17:24:49
N2227	2017-01-07 05:36:12
N2228	2017-01-07 17:38:20
N2229	2017-01-05 05:30:17
N2232	2017-01-06 04:55:02
N2233	2017-01-08 20:06:30
N2237	2017-01-05 22:35:45
N2238	2017-01-08 17:02:19
N2249	2017-01-05 23:24:34
N2256	2017-01-06 02:01:34
N2258	2017-01-07 02:19:17
N2260	2017-01-05 00:18:31
N227	2017-01-06 08:15:40
N2273	2017-01-05 23:43:54
N2274	2017-01-05 02:24:04
N2277	2017-01-05 10:52:51
N2280	2017-01-05 22:17:47
N2283	2017-01-05 00:26:40
N2287	2017-01-05 22:32:22
N2289	2017-01-06 06:25:43
N229	2017-01-08 20:26:58
N2300	2017-01-07 04:28:58
N2308	2017-01-05 00:54:39
N2309	2017-01-06 02:01:37
N231	2017-01-08 21:08:03
N2311	2017-01-05 22:00:34
N2316	2017-01-05 10:03:48
N2318	2017-01-08 04:26:24
N2319	2017-01-05 06:41:06
N2322	2017-01-05 00:02:22
N2324	2017-01-06 00:53:12
N2327	2017-01-05 00:22:52
N2329	2017-01-05 00:12:32
N233	2017-01-05 06:37:21
N2333	2017-01-06 01:38:18
N2338	2017-01-05 08:14:34
N2342	2017-01-05 13:54:04
N2344	2017-01-05 18:59:21
N2356	2017-01-09 05:57:32
N2360	2017-01-05 11:08:41
N2361	2017-01-05 00:11:33
N2362	2017-01-05 06:11:31
N237	2017-01-09 04:54:00
N2372	2017-01-06 05:35:43
N2378	2017-01-06 05:32:22
N2379	2017-01-05 06:01:18
N2381	2017-01-07 17:59:11
N2386	2017-01-05 20:57:50
N2387	2017-01-05 01:44:41
N2388	2017-01-05 02:27:16
N2389	2017-01-07 02:57:29
N2392	2017-01-05 01:35:46
N2393	2017-01-06 01:12:20
N2394	2017-01-08 05:20:15
N2395	2017-01-05 06:43:08
N2397	2017-01-07 05:28:38
N2399	2017-01-09 02:56:43
N24	2017-01-05 01:27:35
N2401	2017-01-05 01:57:10
N2405	2017-01-09 07:55:43
N2408	2017-01-06 03:23:17
N2412	2017-01-09 06:52:28
N2413	2017-01-05 00:32:10
N2415	2017-01-07 10:49:17
N2416	2017-01-07 00:09:35
N2417	2017-01-05 21:01:32
N2418	2017-01-05 00:07:29
N2421	2017-01-05 19:44:53
N2423	2017-01-06 02:19:41
N2424	2017-01-09 22:05:47
N2432	2017-01-09 23:41:44
N2438	2017-01-10 02:01:45
N244	2017-01-05 03:39:08
N2443	2017-01-05 00:48:44
N2445	2017-01-06 15:03:47
N2446	2017-01-05 01:29:58
N2447	2017-01-05 01:49:45
N245	2017-01-07 05:37:14
N2454	2017-01-05 21:19:21
N2458	2017-01-05 01:02:10
N2459	2017-01-05 01:13:22
N2461	2017-01-05 03:00:57
N2463	2017-01-07 04:01:46
N2468	2017-01-05 01:39:03
N2469	2017-01-05 00:00:17
N2471	2017-01-07 17:27:11
N2472	2017-01-10 21:53:20
N2473	2017-01-08 06:19:01
N2476	2017-01-05 06:09:16
N2477	2017-01-05 17:53:53
N2479	2017-01-06 18:30:24
N2482	2017-01-05 09:50:11
N2483	2017-01-05 01:30:11
N2484	2017-01-06 02:29:59
N2490	2017-01-05 09:27:12
N2492	2017-01-05 22:57:29
N2494	2017-01-07 01:59:47
N2495	2017-01-05 00:17:01
N2499	2017-01-05 19:15:53
N250	2017-01-08 23:05:56
N2501	2017-01-06 07:46:54
N2502	2017-01-05 04:46:04
N2503	2017-01-08 08:50:55
N2504	2017-01-05 02:41:26
N2505	2017-01-06 07:46:56
N2506	2017-01-05 03:22:58
N2507	2017-01-05 05:12:43
N2509	2017-01-05 21:37:41
N2510	2017-01-05 03:13:39
N2512	2017-01-06 00:29:42
N2514	2017-01-05 02:11:05
N252	2017-01-06 06:14:05
N2525	2017-01-05 02:58:26
N2526	2017-01-05 00:37:47
N2528	2017-01-10 02:44:01
N253	2017-01-05 00:47:32
N2530	2017-01-08 04:40:40
N2537	2017-01-06 16:06:06
N2540	2017-01-10 07:27:43
N2542	2017-01-05 01:03:56
N2543	2017-01-05 00:29:57
N2549	2017-01-05 06:55:56
N255	2017-01-05 02:23:35
N2550	2017-01-06 22:29:24
N2552	2017-01-05 04:14:23
N2554	2017-01-05 18:47:40
N2555	2017-01-05 08:30:02
N2556	2017-01-08 03:28:57
N2560	2017-01-08 20:47:40
N2561	2017-01-08 20:46:02
N2563	2017-01-08 20:44:20
N2571	2017-01-05 03:16:19
N2572	2017-01-08 17:27:21
N2576	2017-01-07 03:42:54
N2578	2017-01-05 00:28:51
N2579	2017-01-06 07:55:26
N2582	2017-01-09 00:01:44
N2585	2017-01-07 20:56:10
N2588	2017-01-08 21:40:25
N2593	2017-01-10 22:37:55
N2597	2017-01-05 00:11:36
N2598	2017-01-05 01:22:38
N2602	2017-01-05 00:10:26
N2603	2017-01-05 00:10:33
N2604	2017-01-05 00:11:46
N2605	2017-01-08 00:40:13
N2607	2017-01-05 09:19:04
N2612	2017-01-06 22:44:33
N2614	2017-01-05 00:21:37
N2621	2017-01-06 21:07:24
N2622	2017-01-05 02:17:13
N2626	2017-01-05 03:30:03
N263	2017-01-07 02:00:19
N2631	2017-01-11 03:36:41
N2632	2017-01-05 06:11:25
N2636	2017-01-05 00:00:02
N2638	2017-01-06 22:33:45
N264	2017-01-07 19:55:57
N2645	2017-01-05 08:23:32
N2646	2017-01-08 08:29:44
N2656	2017-01-05 00:03:55
N266	2017-01-05 01:42:41
N2664	2017-01-09 18:21:38
N2668	2017-01-09 01:12:09
N2671	2017-01-05 00:05:02
N2672	2017-01-05 00:06:16
N2674	2017-01-08 08:30:49
N2675	2017-01-05 00:36:32
N2677	2017-01-07 08:44:42
N268	2017-01-10 16:09:58
N2680	2017-01-06 23:40:20
N2686	2017-01-11 02:52:50
N2687	2017-01-05 21:13:31
N2689	2017-01-05 00:01:59
N2692	2017-01-11 08:22:25
N2699	2017-01-06 23:19:18
N27	2017-01-05 16:15:27
N270	2017-01-08 04:31:26
N2700	2017-01-10 03:16:39
N2702	2017-01-05 08:29:41
N2703	2017-01-08 05:00:16
N2707	2017-01-10 04:56:05
N271	2017-01-05 01:25:35
N2710	2017-01-05 00:08:38
N2716	2017-01-05 00:07:55
N2717	2017-01-05 00:40:56
N2719	2017-01-05 00:09:52
N272	2017-01-08 05:41:34
N2723	2017-01-05 00:36:40
N2724	2017-01-05 07:40:04
N2727	2017-01-06 07:46:53
N2729	2017-01-05 01:14:45
N2734	2017-01-05 00:37:45
N2735	2017-01-05 00:00:50
N2737	2017-01-05 02:45:11
N2738	2017-01-05 00:02:48
N2739	2017-01-05 06:56:34
N2740	2017-01-05 06:57:33
N2741	2017-01-06 01:18:46
N2742	2017-01-05 03:09:53
N2745	2017-01-05 05:08:46
N2746	2017-01-07 22:40:08
N2749	2017-01-11 06:20:00
N2750	2017-01-10 18:11:26
N2752	2017-01-05 04:30:45
N2753	2017-01-05 00:09:38
N2754	2017-01-05 00:08:27
N2755	2017-01-05 00:08:45
N2756	2017-01-05 00:12:58
N2757	2017-01-05 01:17:00
N2763	2017-01-11 05:37:09
N2767	2017-01-05 00:07:01
N2768	2017-01-06 19:36:03
N2775	2017-01-05 00:05:09
N2776	2017-01-11 01:02:37
N2779	2017-01-05 03:39:08
N2784	2017-01-05 06:36:28
N2786	2017-01-05 00:07:53
N2789	2017-01-05 03:00:26
N279	2017-01-07 04:27:00
N2792	2017-01-10 04:02:22
N2793	2017-01-11 01:38:44
N280	2017-01-05 01:37:45
N2802	2017-01-05 02:23:30
N2804	2017-01-10 07:09:06
N2805	2017-01-05 07:30:51
N2811	2017-01-05 01:48:24
N2812	2017-01-05 00:12:31
N2813	2017-01-05 00:06:30
N2814	2017-01-05 05:07:16
N2815	2017-01-05 00:58:29
N2816	2017-01-05 00:38:37
N2817	2017-01-05 00:06:03
N2818	2017-01-05 15:34:43
N2819	2017-01-08 15:33:46
N282	2017-01-06 03:50:55
N2820	2017-01-05 05:46:11
N2821	2017-01-05 00:28:22
N2823	2017-01-05 00:30:49
N2827	2017-01-08 15:50:03
N2828	2017-01-05 04:20:52
N283	2017-01-06 17:05:16
N2830	2017-01-09 11:49:24
N2831	2017-01-09 11:50:30
N284	2017-01-06 21:17:55
N2840	2017-01-05 03:23:58
N2841	2017-01-07 00:22:01
N2843	2017-01-05 17:37:35
N2844	2017-01-05 17:33:37
N2852	2017-01-05 23:58:39
N2859	2017-01-05 00:57:25
N2864	2017-01-05 00:14:04
N2866	2017-01-05 00:13:03
N2868	2017-01-05 00:03:42
N2869	2017-01-05 10:27:21
N2871	2017-01-05 06:29:03
N2873	2017-01-05 00:34:56
N2874	2017-01-05 00:00:05
N2875	2017-01-05 09:49:35
N2877	2017-01-05 03:11:33
N2878	2017-01-05 01:42:47
N2881	2017-01-05 00:16:45
N2883	2017-01-05 00:02:00
N2885	2017-01-05 00:01:45
N2886	2017-01-05 00:23:04
N2887	2017-01-05 00:00:37
N2891	2017-01-05 03:08:54
N2892	2017-01-05 20:43:11
N2896	2017-01-07 01:41:35
N2897	2017-01-05 13:45:14
N290	2017-01-05 23:44:13
N2900	2017-01-05 00:00:05
N2901	2017-01-05 19:01:41
N2902	2017-01-06 18:29:00
N2903	2017-01-05 00:07:33
N2906	2017-01-05 00:08:24
N2908	2017-01-06 22:03:50
N2909	2017-01-06 15:46:43
N291	2017-01-05 03:10:01
N2911	2017-01-05 04:53:51
N2913	2017-01-08 07:12:35
N2921	2017-01-05 01:05:15
N2928	2017-01-05 00:02:21
N2929	2017-01-10 06:42:20
N293	2017-01-08 00:25:44
N2930	2017-01-05 19:29:46
N2931	2017-01-06 10:44:01
N2934	2017-01-05 00:17:00
N2937	2017-01-08 23:15:43
N2938	2017-01-05 14:54:08
N2939	2017-01-11 21:33:01
N2942	2017-01-10 17:59:56
N2943	2017-01-05 01:28:42
N2944	2017-01-05 00:38:05
N2945	2017-01-06 17:51:29
N2950	2017-01-05 01:37:26
N2952	2017-01-05 23:44:50
N2955	2017-01-05 00:08:41
N296	2017-01-06 02:13:58
N2961	2017-01-05 02:26:10
N2966	2017-01-05 00:30:59
N2968	2017-01-10 06:04:06
N2971	2017-01-05 00:00:02
N2973	2017-01-05 00:00:11
N2974	2017-01-05 00:03:11
N2975	2017-01-09 04:47:59
N2977	2017-01-05 17:32:27
N2981	2017-01-05 02:58:36
N2983	2017-01-05 00:00:11
N2984	2017-01-05 00:00:36
N2985	2017-01-05 02:08:09
N2986	2017-01-05 17:38:38
N2987	2017-01-08 22:09:59
N2991	2017-01-06 17:15:02
N2994	2017-01-07 00:23:03
N2996	2017-01-06 16:01:21
N3	2017-01-08 17:25:18
N30	2017-01-05 06:36:28
N3000	2017-01-06 06:08:37
N3005	2017-01-06 00:55:20
N3006	2017-01-05 00:00:11
N3009	2017-01-06 05:05:13
N301	2017-01-11 18:55:54
N3010	2017-01-08 08:28:18
N3012	2017-01-05 00:02:16
N3017	2017-01-05 02:58:39
N3018	2017-01-07 07:00:44
N3019	2017-01-05 07:37:46
N3020	2017-01-05 00:00:15
N3021	2017-01-05 01:02:15
N3023	2017-01-05 00:00:09
N3024	2017-01-05 00:01:08
N3026	2017-01-05 00:05:09
N3029	2017-01-05 00:23:13
N303	2017-01-08 19:16:07
N3031	2017-01-05 00:18:03
N3032	2017-01-05 00:19:57
N3034	2017-01-05 00:25:43
N3036	2017-01-05 00:28:32
N3037	2017-01-05 00:28:36
N3038	2017-01-05 00:34:30
N3039	2017-01-05 04:39:44
N3041	2017-01-05 00:48:27
N3042	2017-01-05 00:46:52
N3043	2017-01-05 00:48:01
N3044	2017-01-07 19:24:35
N3046	2017-01-05 01:01:50
N3047	2017-01-05 01:17:15
N3049	2017-01-06 20:07:42
N3053	2017-01-09 02:58:24
N3054	2017-01-05 01:21:11
N3055	2017-01-05 01:21:46
N3057	2017-01-05 01:31:29
N3058	2017-01-05 01:33:56
N306	2017-01-05 04:55:19
N3060	2017-01-05 01:38:47
N3061	2017-01-05 01:39:11
N3062	2017-01-05 01:39:27
N3064	2017-01-05 01:40:17
N3065	2017-01-05 01:40:21
N3066	2017-01-05 01:40:30
N3067	2017-01-05 01:40:34
N3068	2017-01-05 01:41:47
N3070	2017-01-11 04:35:22
N3071	2017-01-05 01:48:45
N3072	2017-01-05 01:49:29
N3073	2017-01-05 01:50:24
N3076	2017-01-05 01:53:42
N3077	2017-01-05 01:53:55
N3078	2017-01-05 01:54:18
N3079	2017-01-06 15:31:13
N3086	2017-01-05 02:03:53
N3090	2017-01-05 02:14:00
N3091	2017-01-05 02:17:23
N3092	2017-01-05 02:19:25
N3094	2017-01-10 04:12:06
N3095	2017-01-06 02:30:38
N31	2017-01-06 16:19:54
N3102	2017-01-05 02:49:54
N3105	2017-01-05 02:59:08
N3109	2017-01-05 03:04:05
N3110	2017-01-05 03:06:45
N3111	2017-01-05 03:07:43
N3112	2017-01-05 03:09:45
N3113	2017-01-05 03:14:21
N3115	2017-01-05 03:16:16
N3117	2017-01-07 20:02:53
N3119	2017-01-05 03:33:04
N3120	2017-01-05 03:50:54
N3121	2017-01-05 03:47:06
N3122	2017-01-05 03:49:34
N3123	2017-01-09 01:40:53
N3124	2017-01-06 05:57:55
N3125	2017-01-05 03:51:39
N3127	2017-01-06 06:08:00
N3128	2017-01-05 04:03:12
N3132	2017-01-06 00:05:35
N3134	2017-01-05 04:24:18
N3137	2017-01-08 04:21:27
N3138	2017-01-06 01:59:13
N3139	2017-01-05 04:32:05
N3140	2017-01-05 04:34:51
N3141	2017-01-05 06:12:57
N3142	2017-01-05 04:35:53
N3144	2017-01-10 06:05:02
N3146	2017-01-05 04:52:16
N3148	2017-01-05 04:53:20
N3149	2017-01-05 04:54:27
N315	2017-01-07 05:32:00
N3152	2017-01-05 04:56:05
N3153	2017-01-05 04:57:19
N3155	2017-01-05 05:00:37
N3157	2017-01-05 05:06:23
N3159	2017-01-05 05:07:51
N3160	2017-01-05 05:07:55
N3161	2017-01-05 05:08:33
N3162	2017-01-05 05:19:18
N3164	2017-01-06 05:28:04
N3168	2017-01-05 05:17:11
N3169	2017-01-05 05:17:23
N3170	2017-01-05 05:21:13
N3171	2017-01-05 05:24:47
N3172	2017-01-05 05:28:53
N3174	2017-01-05 05:32:43
N3175	2017-01-07 22:38:35
N318	2017-01-07 01:48:29
N3181	2017-01-05 05:46:09
N3182	2017-01-05 05:46:12
N3183	2017-01-05 05:58:00
N3185	2017-01-05 06:00:37
N3186	2017-01-05 06:06:14
N3187	2017-01-05 06:11:37
N3188	2017-01-05 06:16:33
N3189	2017-01-05 14:27:37
N319	2017-01-05 00:46:45
N3190	2017-01-05 06:20:31
N3191	2017-01-05 06:21:14
N3196	2017-01-05 06:30:54
N3198	2017-01-08 09:15:31
N3199	2017-01-05 06:37:27
N320	2017-01-10 01:33:57
N3200	2017-01-05 06:39:24
N3201	2017-01-05 06:40:19
N3202	2017-01-05 06:41:25
N3208	2017-01-05 14:01:41
N321	2017-01-05 16:03:19
N3211	2017-01-05 06:51:20
N3214	2017-01-05 06:55:20
N3215	2017-01-05 06:55:22
N3216	2017-01-05 06:55:45
N3219	2017-01-05 06:56:59
N322	2017-01-07 17:40:11
N3220	2017-01-05 06:57:28
N3222	2017-01-09 15:38:27
N3223	2017-01-05 18:12:18
N3224	2017-01-05 07:03:23
N3225	2017-01-10 15:50:25
N3230	2017-01-05 07:10:21
N3233	2017-01-05 07:14:27
N3238	2017-01-05 07:26:29
N3239	2017-01-05 07:27:06
N3241	2017-01-05 07:28:17
N3242	2017-01-05 07:32:39
N3245	2017-01-05 07:41:09
N3246	2017-01-05 19:08:20
N3247	2017-01-05 07:49:18
N3251	2017-01-05 07:54:11
N3254	2017-01-10 17:46:30
N3258	2017-01-05 07:59:53
N3259	2017-01-05 08:06:00
N326	2017-01-07 07:54:30
N3261	2017-01-05 08:06:48
N3262	2017-01-06 17:50:42
N3263	2017-01-05 08:01:51
N3264	2017-01-05 08:38:21
N3266	2017-01-05 09:13:43
N3269	2017-01-08 19:17:52
N327	2017-01-11 16:47:00
N3270	2017-01-05 08:17:57
N3272	2017-01-05 08:25:37
N3273	2017-01-05 08:26:45
N3274	2017-01-05 08:27:43
N3275	2017-01-05 08:28:25
N3276	2017-01-05 15:24:07
N3277	2017-01-05 08:31:04
N3278	2017-01-05 08:37:57
N3281	2017-01-05 08:57:12
N3282	2017-01-09 05:56:32
N3285	2017-01-05 09:15:48
N3286	2017-01-06 05:48:50
N3287	2017-01-05 18:02:18
N3290	2017-01-06 01:53:41
N3291	2017-01-05 09:54:27
N3292	2017-01-11 11:01:42
N3293	2017-01-05 19:31:25
N3294	2017-01-05 10:19:24
N3295	2017-01-05 10:23:12
N3296	2017-01-05 10:24:42
N3298	2017-01-05 10:57:53
N33	2017-01-05 06:16:42
N3303	2017-01-11 21:44:56
N3304	2017-01-05 14:34:50
N3306	2017-01-05 13:03:38
N3307	2017-01-05 13:06:14
N3308	2017-01-05 13:22:55
N3309	2017-01-05 13:42:21
N3311	2017-01-05 13:51:39
N3312	2017-01-05 14:23:40
N3315	2017-01-05 14:37:11
N3316	2017-01-05 14:54:39
N3317	2017-01-05 15:02:47
N3318	2017-01-05 15:08:55
N3320	2017-01-05 15:12:20
N3321	2017-01-05 15:13:18
N3322	2017-01-05 15:17:39
N3325	2017-01-05 15:29:07
N3328	2017-01-05 15:52:14
N3329	2017-01-08 23:03:11
N3330	2017-01-05 15:53:30
N3331	2017-01-05 16:00:07
N3332	2017-01-05 16:01:40
N3333	2017-01-05 16:04:39
N3334	2017-01-05 16:14:18
N3335	2017-01-05 16:19:55
N3336	2017-01-05 16:22:15
N3338	2017-01-05 16:23:39
N334	2017-01-10 22:11:28
N3340	2017-01-09 07:35:55
N3343	2017-01-05 16:33:19
N3344	2017-01-05 16:36:15
N3345	2017-01-05 16:43:05
N3347	2017-01-05 16:46:30
N3348	2017-01-05 16:47:35
N335	2017-01-07 19:10:43
N3352	2017-01-05 16:57:31
N3353	2017-01-05 17:11:34
N3355	2017-01-05 17:13:46
N3356	2017-01-05 17:14:26
N3358	2017-01-05 17:25:47
N3359	2017-01-07 07:52:28
N3360	2017-01-05 17:26:11
N3361	2017-01-05 17:42:51
N3362	2017-01-05 17:45:49
N3363	2017-01-05 17:46:03
N3364	2017-01-05 17:49:55
N3365	2017-01-05 17:54:03
N3366	2017-01-05 17:54:24
N3367	2017-01-05 17:58:32
N3368	2017-01-05 18:02:25
N3369	2017-01-05 18:02:56
N3370	2017-01-07 07:07:51
N3371	2017-01-05 18:04:52
N3372	2017-01-05 18:06:17
N3374	2017-01-05 18:28:58
N3377	2017-01-05 18:21:56
N3378	2017-01-10 14:51:02
N3380	2017-01-06 16:08:38
N3383	2017-01-05 18:48:27
N3384	2017-01-08 02:40:33
N3387	2017-01-05 18:56:44
N3389	2017-01-07 22:46:22
N3390	2017-01-05 19:16:44
N3392	2017-01-05 19:10:57
N3393	2017-01-07 09:55:13
N3395	2017-01-05 19:22:52
N3397	2017-01-08 16:09:35
N3398	2017-01-07 01:38:46
N3399	2017-01-05 19:35:51
N3400	2017-01-05 19:36:29
N3401	2017-01-05 19:37:22
N3404	2017-01-05 19:47:52
N3405	2017-01-05 19:49:51
N3406	2017-01-05 19:54:45
N3407	2017-01-05 19:57:52
N3408	2017-01-05 20:06:18
N3409	2017-01-05 20:08:25
N3412	2017-01-06 21:12:51
N3414	2017-01-05 20:23:12
N3418	2017-01-06 05:20:47
N3420	2017-01-05 20:45:45
N3421	2017-01-05 20:46:32
N3422	2017-01-05 20:50:04
N3423	2017-01-05 20:54:43
N3424	2017-01-05 20:56:20
N3426	2017-01-05 21:02:24
N3427	2017-01-05 21:02:35
N3428	2017-01-05 21:04:16
N3429	2017-01-05 21:04:49
N3430	2017-01-05 21:10:10
N3431	2017-01-06 03:41:10
N3432	2017-01-05 21:08:27
N3433	2017-01-05 21:09:47
N3434	2017-01-05 21:12:02
N3435	2017-01-05 21:12:46
N3436	2017-01-05 21:13:30
N3437	2017-01-05 23:31:23
N3438	2017-01-05 21:15:45
N3440	2017-01-05 21:19:32
N3442	2017-01-05 21:22:09
N3444	2017-01-05 21:25:32
N3445	2017-01-05 21:28:24
N3446	2017-01-09 21:42:27
N3447	2017-01-05 21:31:43
N3449	2017-01-05 21:41:33
N3450	2017-01-05 21:39:34
N3451	2017-01-06 01:37:27
N3453	2017-01-05 21:45:46
N3454	2017-01-05 21:46:57
N3455	2017-01-05 21:47:54
N3456	2017-01-05 21:48:04
N3457	2017-01-05 21:50:02
N3458	2017-01-05 21:51:27
N3459	2017-01-05 21:52:23
N346	2017-01-11 02:25:08
N3460	2017-01-05 21:56:40
N3461	2017-01-05 21:57:39
N3463	2017-01-05 23:19:22
N3464	2017-01-05 22:04:31
N3465	2017-01-05 22:09:18
N3466	2017-01-05 22:07:55
N3468	2017-01-05 22:12:34
N3469	2017-01-05 22:44:26
N347	2017-01-09 01:29:47
N3471	2017-01-05 22:15:04
N3472	2017-01-05 22:16:17
N3473	2017-01-05 22:19:15
N3475	2017-01-05 22:18:37
N3476	2017-01-05 23:24:17
N3477	2017-01-05 22:23:22
N3478	2017-01-05 22:23:28
N3479	2017-01-05 22:29:34
N3481	2017-01-05 22:33:13
N3484	2017-01-05 22:41:01
N3485	2017-01-05 22:42:25
N3486	2017-01-05 22:42:40
N3487	2017-01-05 22:44:17
N3489	2017-01-05 22:47:19
N3492	2017-01-06 00:40:16
N3494	2017-01-05 23:09:11
N3495	2017-01-05 23:25:23
N3496	2017-01-05 23:16:36
N3497	2017-01-05 23:23:41
N3498	2017-01-06 07:42:54
N35	2017-01-05 05:26:16
N3500	2017-01-05 23:32:52
N3502	2017-01-06 01:08:49
N3507	2017-01-05 23:53:56
N3508	2017-01-05 23:56:47
N3510	2017-01-05 23:54:56
N3512	2017-01-05 23:59:49
N3513	2017-01-06 00:00:12
N3514	2017-01-06 00:02:02
N3515	2017-01-06 00:03:21
N3517	2017-01-06 00:07:17
N3518	2017-01-06 00:11:39
N3519	2017-01-06 00:12:07
N3520	2017-01-11 21:56:44
N3521	2017-01-08 21:42:24
N3522	2017-01-07 07:48:00
N3524	2017-01-06 00:19:29
N3525	2017-01-06 00:20:21
N3526	2017-01-10 06:29:42
N3527	2017-01-06 00:24:14
N3530	2017-01-06 00:30:00
N3531	2017-01-06 00:30:03
N3532	2017-01-06 00:31:31
N3535	2017-01-06 00:37:12
N3536	2017-01-06 00:37:21
N3537	2017-01-06 00:38:53
N3538	2017-01-10 02:50:02
N3539	2017-01-06 00:42:20
N3540	2017-01-06 00:41:46
N3541	2017-01-09 22:01:51
N3542	2017-01-06 00:42:49
N3543	2017-01-06 01:38:36
N3548	2017-01-06 00:55:31
N3550	2017-01-06 01:07:19
N3551	2017-01-06 01:02:19
N3552	2017-01-07 04:57:15
N3554	2017-01-06 01:03:27
N3557	2017-01-06 01:12:40
N3558	2017-01-09 22:18:06
N3559	2017-01-06 01:17:21
N3560	2017-01-06 01:18:02
N3563	2017-01-06 01:19:25
N3565	2017-01-06 01:21:22
N3567	2017-01-10 18:01:47
N3569	2017-01-06 01:28:54
N3571	2017-01-06 01:49:48
N3576	2017-01-06 01:47:41
N3577	2017-01-06 01:49:13
N3578	2017-01-06 01:49:28
N3579	2017-01-06 01:50:11
N3580	2017-01-06 01:51:41
N3581	2017-01-06 01:52:48
N3582	2017-01-06 01:57:11
N3585	2017-01-06 02:05:32
N3587	2017-01-06 02:12:57
N3592	2017-01-08 20:30:01
N3594	2017-01-06 02:14:24
N3595	2017-01-06 02:16:55
N3598	2017-01-06 02:24:13
N3599	2017-01-06 02:24:27
N36	2017-01-05 04:53:46
N3601	2017-01-06 02:25:08
N3603	2017-01-06 02:25:44
N3605	2017-01-06 02:32:59
N3606	2017-01-06 02:35:20
N3609	2017-01-06 02:38:17
N3611	2017-01-06 02:41:21
N3612	2017-01-06 02:43:00
N3613	2017-01-06 02:46:20
N3616	2017-01-06 03:11:59
N3617	2017-01-06 02:49:18
N3618	2017-01-06 02:50:43
N3620	2017-01-11 01:42:01
N3621	2017-01-06 02:52:57
N3622	2017-01-06 02:53:34
N3625	2017-01-06 03:01:05
N3626	2017-01-06 03:03:31
N3627	2017-01-08 05:20:33
N3629	2017-01-06 03:09:29
N363	2017-01-05 21:03:45
N3630	2017-01-06 03:09:36
N3631	2017-01-06 07:20:53
N3635	2017-01-07 08:45:13
N3636	2017-01-06 03:40:16
N3638	2017-01-06 03:27:53
N3639	2017-01-07 21:01:08
N364	2017-01-06 06:03:33
N3640	2017-01-06 03:33:17
N3641	2017-01-06 03:34:27
N3642	2017-01-11 03:33:36
N3644	2017-01-06 03:37:51
N3645	2017-01-06 03:39:20
N3646	2017-01-06 03:40:34
N3647	2017-01-06 03:41:43
N3649	2017-01-06 03:43:05
N3650	2017-01-06 03:46:06
N3651	2017-01-06 03:47:07
N3653	2017-01-06 03:50:47
N3654	2017-01-06 03:52:27
N3658	2017-01-06 03:56:55
N3659	2017-01-06 03:57:20
N3663	2017-01-06 03:59:45
N3666	2017-01-06 04:00:31
N3667	2017-01-06 04:00:56
N3668	2017-01-06 04:01:01
N3669	2017-01-06 04:01:02
N3670	2017-01-06 04:01:05
N3671	2017-01-06 04:05:02
N3672	2017-01-06 04:05:53
N3673	2017-01-06 04:07:01
N3676	2017-01-06 04:10:30
N3679	2017-01-06 04:13:54
N3680	2017-01-06 04:17:52
N3681	2017-01-06 04:18:48
N3682	2017-01-06 04:20:58
N3683	2017-01-06 04:21:00
N3684	2017-01-06 04:21:26
N3685	2017-01-06 04:21:44
N3686	2017-01-06 04:22:13
N3687	2017-01-06 04:23:03
N3688	2017-01-06 04:23:58
N3689	2017-01-10 04:08:30
N3690	2017-01-06 04:24:35
N3691	2017-01-06 04:26:34
N3695	2017-01-06 04:31:13
N3697	2017-01-06 06:56:12
N3699	2017-01-06 04:42:25
N3701	2017-01-06 04:43:08
N3705	2017-01-06 04:45:36
N3706	2017-01-06 04:45:51
N3708	2017-01-06 04:47:18
N3710	2017-01-06 04:48:14
N3712	2017-01-06 04:52:03
N3713	2017-01-06 05:57:40
N3714	2017-01-06 06:00:25
N3715	2017-01-06 04:53:56
N3716	2017-01-06 04:54:36
N3717	2017-01-06 17:50:22
N3718	2017-01-06 04:56:40
N3720	2017-01-06 04:58:02
N3721	2017-01-06 04:58:31
N3722	2017-01-06 05:00:23
N3725	2017-01-06 05:02:44
N3726	2017-01-06 05:02:53
N3727	2017-01-06 07:32:11
N3728	2017-01-06 05:04:07
N3730	2017-01-06 05:05:15
N3732	2017-01-06 05:06:28
N3733	2017-01-06 05:06:36
N3734	2017-01-06 05:06:41
N3736	2017-01-06 05:07:52
N3737	2017-01-06 05:08:26
N3738	2017-01-06 05:08:39
N3739	2017-01-06 05:13:24
N3740	2017-01-06 07:48:32
N3741	2017-01-06 05:14:10
N3743	2017-01-06 05:17:27
N3744	2017-01-06 15:45:11
N3750	2017-01-06 05:26:09
N3751	2017-01-06 05:28:49
N3752	2017-01-06 06:37:49
N3753	2017-01-06 05:56:58
N3756	2017-01-06 05:31:47
N3758	2017-01-06 05:35:37
N3759	2017-01-07 05:40:11
N3761	2017-01-06 05:39:32
N3762	2017-01-06 06:00:44
N3764	2017-01-06 05:51:20
N3766	2017-01-10 06:28:41
N3767	2017-01-06 14:23:52
N3768	2017-01-06 05:57:55
N3769	2017-01-06 05:58:23
N377	2017-01-07 01:15:15
N3770	2017-01-06 05:59:02
N3771	2017-01-06 05:59:13
N3772	2017-01-06 06:00:08
N3773	2017-01-06 05:59:51
N3774	2017-01-06 06:00:27
N3775	2017-01-06 06:01:50
N3780	2017-01-06 09:28:11
N3784	2017-01-06 06:12:52
N3785	2017-01-06 06:12:53
N3786	2017-01-06 06:13:44
N3788	2017-01-06 06:15:21
N3789	2017-01-06 10:02:20
N3790	2017-01-06 06:17:05
N3791	2017-01-06 06:22:09
N3793	2017-01-06 06:47:53
N3794	2017-01-06 06:23:02
N3795	2017-01-06 06:23:21
N3799	2017-01-06 06:30:07
N38	2017-01-07 03:50:26
N380	2017-01-05 00:15:06
N3801	2017-01-06 06:33:03
N3805	2017-01-06 06:35:48
N3806	2017-01-06 06:35:04
N3808	2017-01-06 06:40:14
N3809	2017-01-06 06:40:45
N381	2017-01-06 04:34:48
N3814	2017-01-06 06:44:10
N3815	2017-01-06 06:44:56
N3817	2017-01-06 06:45:37
N3818	2017-01-06 06:45:56
N3820	2017-01-06 06:46:01
N3822	2017-01-06 06:49:34
N3823	2017-01-06 06:50:55
N3824	2017-01-06 06:51:51
N3825	2017-01-06 06:52:16
N3826	2017-01-06 06:53:15
N383	2017-01-05 06:29:00
N3831	2017-01-06 08:20:21
N3833	2017-01-06 07:15:43
N3835	2017-01-06 14:44:31
N3836	2017-01-06 07:05:40
N3840	2017-01-06 07:14:51
N3841	2017-01-11 18:25:54
N3842	2017-01-06 07:19:40
N3845	2017-01-06 07:21:49
N3846	2017-01-07 17:45:09
N3852	2017-01-06 07:27:07
N3857	2017-01-06 07:36:12
N3858	2017-01-06 07:36:27
N3861	2017-01-06 07:44:36
N3864	2017-01-06 07:48:23
N3865	2017-01-06 07:49:12
N3867	2017-01-06 07:59:51
N3868	2017-01-06 08:00:04
N3869	2017-01-06 08:01:26
N3870	2017-01-06 08:00:27
N3871	2017-01-06 08:02:53
N3872	2017-01-06 08:09:31
N3874	2017-01-06 08:11:13
N3875	2017-01-06 08:11:29
N3876	2017-01-06 12:00:52
N3877	2017-01-06 08:22:29
N3878	2017-01-06 08:28:47
N3879	2017-01-10 06:49:47
N3881	2017-01-06 08:31:14
N3882	2017-01-06 08:32:11
N3883	2017-01-06 08:36:46
N3889	2017-01-06 09:09:29
N3891	2017-01-06 09:23:29
N3892	2017-01-06 09:40:03
N3893	2017-01-06 10:04:49
N3894	2017-01-09 15:58:43
N3896	2017-01-06 12:03:03
N3898	2017-01-06 15:52:25
N3899	2017-01-06 12:17:13
N39	2017-01-05 02:58:42
N3900	2017-01-06 20:57:03
N3901	2017-01-06 13:02:59
N3902	2017-01-06 14:32:48
N3903	2017-01-06 14:25:05
N3904	2017-01-06 14:28:51
N3906	2017-01-06 15:33:00
N3908	2017-01-06 15:18:23
N3911	2017-01-07 20:20:22
N3913	2017-01-10 00:01:52
N3914	2017-01-06 15:36:58
N3915	2017-01-06 15:37:23
N3916	2017-01-06 15:40:22
N3917	2017-01-06 15:39:20
N3918	2017-01-06 15:40:35
N3919	2017-01-06 16:24:57
N3920	2017-01-06 15:43:35
N3921	2017-01-06 15:44:35
N3922	2017-01-06 16:09:20
N3923	2017-01-06 16:10:51
N3927	2017-01-06 16:32:35
N3928	2017-01-06 16:34:53
N3929	2017-01-06 16:42:56
N393	2017-01-11 18:19:48
N3931	2017-01-06 20:44:09
N3933	2017-01-06 17:04:02
N3934	2017-01-06 17:06:55
N3935	2017-01-06 17:10:48
N3936	2017-01-06 17:18:01
N3938	2017-01-06 17:17:53
N3941	2017-01-06 17:40:38
N3942	2017-01-06 17:43:21
N3943	2017-01-06 17:45:03
N3944	2017-01-06 17:49:37
N3945	2017-01-06 17:49:39
N3946	2017-01-06 17:50:46
N3947	2017-01-06 17:58:08
N3951	2017-01-06 18:13:59
N3952	2017-01-06 18:16:15
N3953	2017-01-06 21:43:49
N3957	2017-01-06 18:39:33
N3958	2017-01-06 18:48:11
N3959	2017-01-06 18:41:51
N3961	2017-01-06 18:43:59
N3962	2017-01-06 18:44:27
N3963	2017-01-06 18:53:41
N3965	2017-01-06 18:54:47
N3966	2017-01-06 19:00:26
N3967	2017-01-06 19:02:43
N3969	2017-01-06 19:03:36
N3972	2017-01-08 00:15:34
N3974	2017-01-06 19:10:43
N3976	2017-01-06 19:16:29
N3978	2017-01-07 03:44:26
N3979	2017-01-06 19:37:45
N398	2017-01-05 08:22:58
N3980	2017-01-06 19:38:22
N3981	2017-01-10 07:41:56
N3982	2017-01-07 03:24:38
N3983	2017-01-06 19:53:30
N3984	2017-01-06 19:53:05
N3985	2017-01-06 19:54:50
N3988	2017-01-06 20:27:05
N3989	2017-01-06 20:30:59
N399	2017-01-05 06:22:52
N3994	2017-01-06 20:51:21
N3995	2017-01-06 20:55:01
N3996	2017-01-06 20:50:50
N3997	2017-01-06 20:57:35
N3998	2017-01-06 20:51:32
N3999	2017-01-06 20:51:53
N4	2017-01-05 02:00:38
N4002	2017-01-06 21:10:01
N4003	2017-01-06 21:14:16
N4004	2017-01-07 08:05:47
N4005	2017-01-06 21:36:12
N4006	2017-01-06 21:45:04
N4007	2017-01-06 23:31:13
N4008	2017-01-06 21:49:35
N4009	2017-01-06 21:59:27
N401	2017-01-07 22:28:06
N4010	2017-01-06 21:51:15
N4011	2017-01-06 21:53:41
N4014	2017-01-06 22:02:37
N4016	2017-01-06 22:08:34
N4017	2017-01-06 22:08:47
N4018	2017-01-06 22:19:39
N4019	2017-01-06 22:19:13
N4021	2017-01-06 22:27:11
N4025	2017-01-06 22:54:03
N4027	2017-01-06 22:57:36
N4028	2017-01-07 01:47:10
N4029	2017-01-07 01:11:44
N4033	2017-01-06 23:31:31
N4034	2017-01-06 23:32:45
N4035	2017-01-06 23:38:49
N4036	2017-01-06 23:39:06
N4037	2017-01-06 23:41:52
N4038	2017-01-06 23:43:17
N4043	2017-01-07 00:12:00
N4044	2017-01-07 00:12:52
N4045	2017-01-07 00:17:59
N4046	2017-01-07 00:18:55
N4047	2017-01-07 00:20:38
N4048	2017-01-07 05:24:26
N4049	2017-01-07 00:38:01
N4052	2017-01-07 00:43:55
N4055	2017-01-07 00:58:57
N4057	2017-01-07 03:33:22
N4060	2017-01-07 01:07:42
N4061	2017-01-07 01:08:25
N4062	2017-01-07 01:12:56
N4063	2017-01-07 06:44:53
N4064	2017-01-07 01:21:19
N4067	2017-01-07 01:32:15
N4068	2017-01-07 01:42:34
N407	2017-01-11 05:12:05
N4070	2017-01-07 01:44:03
N4071	2017-01-07 01:44:55
N4074	2017-01-07 01:50:56
N4076	2017-01-07 01:55:47
N4077	2017-01-07 01:57:21
N4079	2017-01-07 02:05:10
N4082	2017-01-07 02:12:50
N4083	2017-01-07 09:54:18
N4084	2017-01-07 02:17:30
N4086	2017-01-07 02:35:13
N4088	2017-01-07 02:24:42
N4089	2017-01-07 02:33:06
N4096	2017-01-07 02:46:05
N4097	2017-01-07 02:47:08
N4098	2017-01-07 02:57:16
N4099	2017-01-07 02:57:19
N41	2017-01-06 02:57:49
N4100	2017-01-07 02:58:53
N4101	2017-01-07 02:59:18
N4105	2017-01-08 08:13:04
N4106	2017-01-07 03:08:30
N411	2017-01-05 16:04:35
N4110	2017-01-07 03:19:07
N4111	2017-01-09 07:13:58
N4112	2017-01-07 03:21:56
N4114	2017-01-07 03:23:16
N4118	2017-01-07 03:31:31
N4119	2017-01-07 03:38:31
N412	2017-01-10 19:13:15
N4121	2017-01-07 03:54:06
N4123	2017-01-07 03:58:48
N4124	2017-01-07 03:59:06
N4125	2017-01-07 04:00:35
N4127	2017-01-09 04:07:55
N4129	2017-01-08 05:47:47
N4130	2017-01-07 04:05:55
N4131	2017-01-07 04:05:54
N4135	2017-01-07 04:14:22
N4136	2017-01-07 04:25:56
N4138	2017-01-07 04:39:51
N4139	2017-01-07 04:43:22
N4142	2017-01-07 04:46:51
N4145	2017-01-07 04:51:18
N4146	2017-01-07 04:53:33
N4150	2017-01-08 20:16:07
N4152	2017-01-07 05:16:44
N4153	2017-01-10 18:04:48
N4155	2017-01-07 05:26:53
N4156	2017-01-07 05:27:05
N4161	2017-01-07 05:43:17
N4162	2017-01-07 05:44:34
N4164	2017-01-07 05:45:59
N4165	2017-01-07 05:46:09
N4167	2017-01-07 17:56:34
N4168	2017-01-07 05:55:33
N4170	2017-01-07 05:58:11
N4172	2017-01-07 05:59:31
N4173	2017-01-07 06:11:53
N4176	2017-01-07 06:10:09
N4177	2017-01-07 06:43:58
N4178	2017-01-07 06:15:57
N4179	2017-01-07 06:16:57
N418	2017-01-06 04:10:31
N4182	2017-01-07 06:21:59
N4184	2017-01-07 06:48:12
N4187	2017-01-07 06:38:58
N4188	2017-01-10 19:38:53
N4189	2017-01-09 02:42:59
N419	2017-01-11 06:07:07
N4191	2017-01-07 06:57:21
N4192	2017-01-07 06:59:37
N4195	2017-01-07 07:00:22
N4196	2017-01-07 07:01:31
N4197	2017-01-11 05:14:51
N4198	2017-01-07 07:12:50
N420	2017-01-06 15:31:27
N4200	2017-01-07 07:16:00
N4201	2017-01-07 07:18:21
N4203	2017-01-07 07:21:32
N4205	2017-01-07 07:22:31
N4206	2017-01-07 07:23:06
N421	2017-01-09 02:01:17
N4211	2017-01-07 07:38:03
N4214	2017-01-07 18:56:56
N4215	2017-01-07 07:45:18
N4216	2017-01-07 08:57:40
N4218	2017-01-07 07:50:47
N4219	2017-01-07 07:57:27
N422	2017-01-05 07:55:53
N4220	2017-01-07 07:57:44
N4221	2017-01-07 08:00:02
N4222	2017-01-07 08:00:03
N4223	2017-01-07 08:00:29
N4224	2017-01-07 08:00:27
N4225	2017-01-07 08:00:39
N4226	2017-01-07 08:02:21
N4227	2017-01-07 08:02:43
N4228	2017-01-07 08:03:35
N4229	2017-01-07 11:04:29
N4230	2017-01-07 09:40:08
N4231	2017-01-07 17:53:47
N4232	2017-01-07 08:07:38
N4233	2017-01-10 17:44:51
N4234	2017-01-07 08:53:53
N4235	2017-01-07 08:12:16
N4238	2017-01-07 18:19:05
N4239	2017-01-07 08:20:56
N4240	2017-01-07 08:26:45
N4241	2017-01-07 08:34:37
N4243	2017-01-07 08:37:25
N4244	2017-01-07 08:43:14
N4245	2017-01-07 08:46:44
N4246	2017-01-07 08:49:27
N4247	2017-01-07 08:55:54
N4250	2017-01-07 08:59:12
N4251	2017-01-07 09:04:34
N4253	2017-01-07 09:08:40
N4254	2017-01-07 15:05:42
N4256	2017-01-07 09:36:27
N4257	2017-01-07 09:46:07
N4258	2017-01-07 09:47:51
N4259	2017-01-07 09:52:47
N4260	2017-01-07 09:53:22
N4265	2017-01-07 10:24:05
N4266	2017-01-07 10:25:10
N4269	2017-01-07 12:55:12
N4270	2017-01-07 13:16:09
N4272	2017-01-07 16:16:41
N4273	2017-01-07 15:07:18
N4274	2017-01-07 15:13:00
N4275	2017-01-07 15:15:55
N4276	2017-01-07 15:29:14
N4278	2017-01-07 15:41:01
N4279	2017-01-08 02:59:11
N4280	2017-01-07 16:05:57
N4281	2017-01-07 16:18:10
N4282	2017-01-07 16:19:04
N4283	2017-01-07 16:21:04
N4284	2017-01-07 16:29:34
N4286	2017-01-11 02:29:45
N4287	2017-01-10 17:41:10
N4288	2017-01-07 16:54:09
N4289	2017-01-07 16:55:30
N4290	2017-01-11 20:31:28
N4291	2017-01-07 17:07:44
N4294	2017-01-07 17:16:00
N4295	2017-01-07 17:19:57
N4298	2017-01-07 17:28:51
N4300	2017-01-07 17:48:56
N4302	2017-01-07 17:53:19
N4303	2017-01-07 17:55:27
N4304	2017-01-07 17:58:14
N4307	2017-01-07 18:10:36
N4308	2017-01-07 18:55:29
N4309	2017-01-07 18:14:17
N4310	2017-01-07 18:30:40
N4311	2017-01-11 19:07:27
N4313	2017-01-07 18:36:06
N4314	2017-01-07 18:38:03
N4316	2017-01-07 18:43:51
N4317	2017-01-07 18:46:58
N4319	2017-01-07 18:50:41
N4320	2017-01-07 18:49:03
N4321	2017-01-07 18:50:43
N4323	2017-01-07 18:59:52
N4324	2017-01-07 19:42:58
N4325	2017-01-07 19:05:30
N4326	2017-01-07 19:06:46
N4328	2017-01-07 19:11:55
N4329	2017-01-07 22:24:31
N4331	2017-01-08 04:40:14
N4332	2017-01-07 19:21:40
N4333	2017-01-07 19:22:51
N4334	2017-01-07 19:23:25
N4335	2017-01-08 04:54:11
N4337	2017-01-07 20:45:22
N4338	2017-01-07 19:25:55
N4339	2017-01-07 19:26:41
N4340	2017-01-07 19:32:57
N4341	2017-01-07 19:28:50
N4342	2017-01-07 20:20:01
N4343	2017-01-07 19:33:47
N4344	2017-01-07 19:34:36
N4345	2017-01-07 19:39:18
N4346	2017-01-07 19:39:07
N4349	2017-01-07 19:44:35
N4352	2017-01-07 19:50:09
N4354	2017-01-10 05:16:22
N4355	2017-01-07 20:12:51
N4356	2017-01-07 20:14:38
N4357	2017-01-07 20:19:07
N4358	2017-01-07 20:25:51
N436	2017-01-06 18:25:39
N4360	2017-01-07 20:28:07
N4361	2017-01-07 20:29:00
N4368	2017-01-07 20:43:21
N4370	2017-01-07 20:50:47
N4372	2017-01-07 20:57:14
N4376	2017-01-07 21:08:53
N4378	2017-01-07 21:10:36
N4379	2017-01-07 21:19:31
N4380	2017-01-07 21:12:27
N4381	2017-01-07 21:13:22
N4382	2017-01-07 21:14:00
N4383	2017-01-07 21:21:10
N4384	2017-01-07 21:21:36
N4387	2017-01-07 21:29:32
N4389	2017-01-07 21:32:48
N439	2017-01-05 07:15:46
N4393	2017-01-07 21:40:21
N4397	2017-01-07 21:52:15
N4404	2017-01-07 22:18:34
N441	2017-01-06 00:54:43
N4413	2017-01-07 22:44:30
N4415	2017-01-07 22:53:52
N4416	2017-01-07 23:06:05
N4417	2017-01-07 22:55:27
N442	2017-01-05 05:28:40
N4426	2017-01-07 23:26:03
N4427	2017-01-07 23:26:16
N4428	2017-01-07 23:27:00
N443	2017-01-06 08:02:08
N4430	2017-01-07 23:29:06
N4431	2017-01-07 23:31:06
N4435	2017-01-07 23:36:56
N4436	2017-01-07 23:41:34
N4439	2017-01-07 23:53:55
N4440	2017-01-08 00:06:31
N4444	2017-01-08 00:18:54
N4448	2017-01-08 00:28:45
N4449	2017-01-08 00:29:15
N445	2017-01-05 01:19:06
N4450	2017-01-08 09:21:34
N4453	2017-01-08 00:36:43
N4455	2017-01-08 00:40:11
N4457	2017-01-08 00:47:48
N4458	2017-01-08 00:51:59
N4459	2017-01-08 00:50:46
N4460	2017-01-08 00:50:37
N4461	2017-01-08 00:50:43
N4463	2017-01-09 20:59:09
N4466	2017-01-08 01:01:23
N4467	2017-01-08 01:08:13
N447	2017-01-07 18:04:51
N4470	2017-01-08 01:18:27
N4471	2017-01-08 01:25:08
N4476	2017-01-08 01:36:58
N4478	2017-01-08 01:44:18
N448	2017-01-08 06:25:22
N4480	2017-01-08 01:49:22
N4481	2017-01-08 01:57:42
N4483	2017-01-08 02:04:14
N4484	2017-01-08 02:08:00
N4488	2017-01-08 02:19:18
N4489	2017-01-08 02:19:22
N4492	2017-01-08 02:22:59
N4494	2017-01-08 02:24:41
N45	2017-01-08 03:43:57
N450	2017-01-05 21:58:30
N4500	2017-01-08 02:32:18
N4501	2017-01-08 02:32:21
N4502	2017-01-08 02:32:36
N4503	2017-01-08 02:39:28
N4504	2017-01-09 21:50:10
N4505	2017-01-08 02:47:40
N4508	2017-01-08 02:52:33
N4512	2017-01-09 23:31:38
N4514	2017-01-08 03:07:16
N4515	2017-01-08 03:12:24
N4516	2017-01-08 03:19:04
N4518	2017-01-08 03:19:55
N4520	2017-01-08 03:23:39
N4521	2017-01-08 03:25:00
N4522	2017-01-08 06:11:32
N4523	2017-01-08 03:30:52
N4525	2017-01-08 03:36:49
N4527	2017-01-08 03:38:17
N4528	2017-01-08 03:38:26
N4529	2017-01-08 03:41:13
N4530	2017-01-08 03:42:48
N4531	2017-01-08 03:43:42
N4532	2017-01-08 03:45:26
N4533	2017-01-08 03:46:09
N4534	2017-01-08 04:07:32
N4535	2017-01-08 04:00:15
N4536	2017-01-08 04:00:31
N4537	2017-01-08 04:02:32
N4538	2017-01-08 04:07:30
N4539	2017-01-08 04:08:26
N454	2017-01-05 00:10:16
N4542	2017-01-08 04:10:22
N4543	2017-01-08 04:13:44
N4545	2017-01-08 04:22:09
N4546	2017-01-08 04:35:41
N4547	2017-01-08 04:45:31
N4550	2017-01-08 04:54:58
N4551	2017-01-08 04:56:57
N4552	2017-01-08 04:59:21
N4553	2017-01-08 04:59:31
N4555	2017-01-08 05:00:13
N4556	2017-01-08 05:05:42
N4557	2017-01-08 05:18:05
N4558	2017-01-08 05:21:28
N4560	2017-01-08 05:26:15
N4561	2017-01-08 05:28:06
N4563	2017-01-08 05:30:59
N4564	2017-01-08 05:31:30
N4567	2017-01-08 05:42:14
N4568	2017-01-08 05:43:44
N457	2017-01-11 03:39:52
N4571	2017-01-08 05:48:37
N4573	2017-01-08 06:10:47
N4578	2017-01-08 06:23:51
N4579	2017-01-08 06:25:21
N458	2017-01-10 01:08:45
N4580	2017-01-08 06:25:26
N4581	2017-01-09 01:28:14
N4582	2017-01-08 06:29:56
N4583	2017-01-08 06:30:56
N4586	2017-01-08 06:38:37
N4588	2017-01-08 06:38:59
N4590	2017-01-08 06:39:52
N4592	2017-01-08 06:43:20
N4594	2017-01-09 05:36:14
N4598	2017-01-09 01:50:09
N4599	2017-01-08 07:06:27
N4603	2017-01-08 07:08:36
N4604	2017-01-08 07:28:48
N4605	2017-01-08 07:09:52
N4606	2017-01-08 07:17:59
N4607	2017-01-08 07:30:57
N4608	2017-01-11 19:26:07
N4610	2017-01-08 08:02:58
N4617	2017-01-08 07:57:26
N4619	2017-01-08 08:00:20
N4620	2017-01-08 08:03:02
N4621	2017-01-08 08:02:58
N4622	2017-01-08 08:04:01
N4623	2017-01-08 08:06:40
N4624	2017-01-08 08:24:05
N4625	2017-01-08 14:53:19
N4627	2017-01-08 09:07:22
N4629	2017-01-08 08:13:57
N4630	2017-01-08 08:16:37
N4631	2017-01-08 08:17:14
N4633	2017-01-08 08:20:52
N4634	2017-01-08 08:21:23
N4635	2017-01-08 08:22:43
N4636	2017-01-08 08:23:26
N4637	2017-01-08 08:23:27
N4639	2017-01-08 08:25:33
N4641	2017-01-08 08:26:34
N4642	2017-01-08 08:26:58
N4643	2017-01-08 08:27:40
N4644	2017-01-08 08:30:18
N4645	2017-01-08 08:31:01
N4646	2017-01-08 08:36:39
N4647	2017-01-08 08:40:33
N4648	2017-01-08 08:42:22
N4649	2017-01-08 08:43:32
N4650	2017-01-08 08:48:12
N4651	2017-01-08 08:51:38
N4654	2017-01-09 01:03:15
N4655	2017-01-08 08:55:10
N4657	2017-01-09 20:27:21
N4659	2017-01-08 16:03:42
N4660	2017-01-08 10:33:39
N4661	2017-01-08 10:25:29
N4662	2017-01-08 10:44:54
N4667	2017-01-08 14:48:28
N4668	2017-01-08 15:31:00
N4669	2017-01-08 15:32:28
N4671	2017-01-08 16:35:12
N4673	2017-01-08 16:58:43
N4674	2017-01-08 17:02:50
N4676	2017-01-08 17:09:49
N4678	2017-01-08 17:19:14
N4680	2017-01-08 17:24:31
N4681	2017-01-08 17:29:30
N4684	2017-01-08 17:48:08
N4685	2017-01-08 17:56:30
N4688	2017-01-08 18:08:29
N4689	2017-01-08 18:08:36
N4691	2017-01-08 18:11:32
N4694	2017-01-08 18:22:14
N4695	2017-01-08 18:22:46
N4697	2017-01-08 18:40:35
N4698	2017-01-08 18:37:48
N47	2017-01-09 20:28:06
N4701	2017-01-08 18:49:27
N4703	2017-01-08 18:48:18
N4704	2017-01-08 18:48:39
N4705	2017-01-08 18:51:26
N4707	2017-01-08 18:58:23
N4709	2017-01-08 19:05:01
N4710	2017-01-08 19:05:14
N4711	2017-01-08 19:08:42
N4714	2017-01-08 19:12:24
N4716	2017-01-08 19:27:57
N4720	2017-01-08 19:36:06
N4721	2017-01-08 19:40:38
N4726	2017-01-08 20:31:55
N4727	2017-01-08 20:33:42
N4729	2017-01-08 20:38:04
N4730	2017-01-08 20:40:36
N4731	2017-01-08 20:41:59
N4732	2017-01-08 20:42:33
N4734	2017-01-08 20:47:16
N4735	2017-01-08 20:48:28
N4736	2017-01-08 20:49:36
N4737	2017-01-08 20:55:59
N4738	2017-01-08 22:55:30
N4741	2017-01-08 21:05:39
N4745	2017-01-08 21:24:28
N4746	2017-01-08 22:00:59
N4747	2017-01-10 23:02:38
N4748	2017-01-08 21:30:14
N4751	2017-01-08 21:42:42
N4755	2017-01-09 15:22:00
N4756	2017-01-08 22:07:04
N4759	2017-01-08 22:20:56
N4760	2017-01-08 22:21:21
N4762	2017-01-08 22:35:37
N4765	2017-01-08 22:43:26
N4767	2017-01-08 22:58:28
N4769	2017-01-08 23:00:40
N4771	2017-01-08 23:12:45
N4772	2017-01-08 23:15:09
N4773	2017-01-08 23:16:46
N4775	2017-01-08 23:23:14
N4776	2017-01-08 23:40:24
N4777	2017-01-08 23:30:13
N4778	2017-01-08 23:31:16
N4779	2017-01-08 23:35:06
N4780	2017-01-08 23:40:58
N4781	2017-01-08 23:40:01
N4782	2017-01-11 23:57:03
N4783	2017-01-08 23:51:32
N4787	2017-01-08 23:58:27
N4789	2017-01-09 00:03:59
N4792	2017-01-09 00:15:18
N4793	2017-01-09 00:18:39
N4794	2017-01-09 00:21:05
N4795	2017-01-09 00:22:10
N4797	2017-01-09 00:25:23
N4798	2017-01-09 00:34:16
N4799	2017-01-09 00:34:20
N48	2017-01-05 21:59:20
N4803	2017-01-09 00:50:51
N4804	2017-01-09 01:06:36
N4806	2017-01-09 01:11:28
N4807	2017-01-09 01:20:14
N4808	2017-01-09 01:20:21
N4812	2017-01-09 01:26:59
N4813	2017-01-09 01:32:38
N4815	2017-01-09 01:44:03
N4817	2017-01-09 01:37:41
N4818	2017-01-09 01:38:41
N4819	2017-01-09 03:32:28
N482	2017-01-10 23:26:02
N4820	2017-01-09 01:42:43
N4821	2017-01-09 01:44:24
N4823	2017-01-09 01:50:41
N4824	2017-01-09 01:51:04
N4825	2017-01-09 01:54:46
N4828	2017-01-09 01:55:04
N4829	2017-01-09 01:56:13
N4831	2017-01-09 01:58:20
N4832	2017-01-09 20:10:08
N4833	2017-01-09 01:59:18
N4834	2017-01-09 01:59:22
N4835	2017-01-09 01:59:30
N4836	2017-01-09 01:59:57
N4837	2017-01-09 02:00:23
N4838	2017-01-09 02:00:27
N4839	2017-01-09 02:00:41
N484	2017-01-08 17:34:17
N4841	2017-01-09 02:01:01
N4842	2017-01-09 02:01:14
N4843	2017-01-09 02:01:23
N4846	2017-01-09 02:13:34
N4847	2017-01-09 02:14:33
N4849	2017-01-09 02:20:59
N4850	2017-01-09 03:19:34
N4854	2017-01-09 02:35:39
N4855	2017-01-09 02:36:21
N4858	2017-01-09 02:47:56
N4862	2017-01-09 03:33:44
N4863	2017-01-09 02:56:42
N4864	2017-01-09 02:57:20
N4865	2017-01-09 02:57:24
N4866	2017-01-09 02:57:38
N4867	2017-01-09 02:57:56
N4868	2017-01-09 02:58:04
N4869	2017-01-09 02:58:10
N4870	2017-01-09 02:58:24
N4871	2017-01-09 02:58:27
N4872	2017-01-09 02:58:36
N4873	2017-01-09 02:58:41
N4874	2017-01-09 02:58:47
N4875	2017-01-09 02:58:47
N4876	2017-01-09 02:59:13
N4877	2017-01-09 03:05:16
N4879	2017-01-09 03:02:48
N488	2017-01-06 00:52:23
N4883	2017-01-09 03:28:03
N4887	2017-01-09 03:54:21
N4888	2017-01-09 03:56:26
N4890	2017-01-09 03:57:55
N4891	2017-01-09 03:57:49
N4892	2017-01-09 04:07:16
N4896	2017-01-09 04:15:15
N4897	2017-01-09 04:15:51
N49	2017-01-08 06:34:40
N4900	2017-01-09 04:23:24
N4902	2017-01-09 04:20:06
N4904	2017-01-09 04:26:07
N4908	2017-01-09 04:46:19
N4910	2017-01-09 04:44:42
N4913	2017-01-09 04:52:59
N4914	2017-01-09 04:55:03
N4918	2017-01-09 04:57:47
N4919	2017-01-09 05:12:28
N4920	2017-01-09 05:10:42
N4922	2017-01-09 05:11:05
N4928	2017-01-09 05:24:51
N4930	2017-01-09 05:29:14
N4932	2017-01-09 05:31:51
N4933	2017-01-11 08:28:00
N4936	2017-01-09 05:59:24
N4937	2017-01-09 06:01:57
N4942	2017-01-09 06:06:46
N4945	2017-01-09 06:11:34
N4946	2017-01-09 06:26:04
N4947	2017-01-09 23:28:46
N4958	2017-01-09 06:53:48
N4959	2017-01-09 07:00:27
N4960	2017-01-09 06:54:07
N4962	2017-01-09 07:11:35
N4964	2017-01-09 07:17:55
N4966	2017-01-09 07:12:56
N4968	2017-01-09 07:14:27
N497	2017-01-05 16:48:20
N4971	2017-01-09 07:25:39
N4972	2017-01-10 00:05:28
N4973	2017-01-09 07:29:39
N4977	2017-01-09 07:32:03
N4983	2017-01-09 07:59:52
N4984	2017-01-09 08:00:06
N4985	2017-01-09 08:01:42
N4986	2017-01-09 08:00:32
N4987	2017-01-09 08:03:22
N4988	2017-01-09 08:04:21
N4989	2017-01-09 08:05:05
N4990	2017-01-09 08:07:39
N4992	2017-01-09 08:13:53
N4993	2017-01-09 10:08:22
N4994	2017-01-09 08:18:16
N5	2017-01-05 01:28:59
N500	2017-01-05 05:11:15
N5000	2017-01-09 16:12:00
N5001	2017-01-09 12:07:08
N5002	2017-01-09 11:09:22
N5004	2017-01-09 08:49:51
N5005	2017-01-09 09:08:19
N5008	2017-01-09 09:33:18
N5010	2017-01-09 09:41:00
N5013	2017-01-09 10:10:21
N5014	2017-01-09 10:16:07
N5019	2017-01-09 11:33:27
N502	2017-01-05 00:10:55
N5023	2017-01-09 13:43:16
N5026	2017-01-09 13:52:33
N5027	2017-01-09 13:56:51
N5028	2017-01-09 14:01:26
N5029	2017-01-09 14:31:30
N5030	2017-01-09 14:57:52
N5032	2017-01-09 14:52:08
N5033	2017-01-09 15:10:39
N5034	2017-01-09 15:13:45
N5035	2017-01-09 15:13:54
N5036	2017-01-09 15:29:21
N5037	2017-01-09 15:33:45
N5039	2017-01-09 15:53:34
N5041	2017-01-09 16:07:36
N5043	2017-01-09 16:09:42
N5044	2017-01-09 16:14:38
N5045	2017-01-09 16:20:53
N5046	2017-01-09 16:26:15
N5047	2017-01-09 16:33:19
N5049	2017-01-09 16:40:38
N505	2017-01-08 07:29:41
N5052	2017-01-09 17:05:34
N5053	2017-01-09 17:10:49
N5054	2017-01-09 17:26:12
N5055	2017-01-09 17:36:52
N5056	2017-01-09 17:37:16
N5057	2017-01-09 17:45:26
N5058	2017-01-09 17:54:30
N5059	2017-01-10 13:12:05
N5060	2017-01-09 17:57:06
N5063	2017-01-10 01:34:31
N5064	2017-01-09 18:13:24
N5066	2017-01-09 18:19:41
N5067	2017-01-09 18:21:15
N5069	2017-01-09 18:32:32
N507	2017-01-05 18:07:36
N5071	2017-01-09 19:17:36
N5072	2017-01-09 19:20:48
N5074	2017-01-09 19:41:33
N5080	2017-01-09 19:53:10
N5081	2017-01-09 20:01:30
N5083	2017-01-09 20:21:58
N5085	2017-01-11 05:16:07
N5086	2017-01-09 20:32:51
N5087	2017-01-09 20:34:14
N5089	2017-01-09 20:40:44
N5090	2017-01-09 20:48:33
N5092	2017-01-09 20:54:33
N5093	2017-01-11 02:29:22
N5094	2017-01-09 21:01:52
N5096	2017-01-09 21:02:53
N5098	2017-01-09 21:10:09
N51	2017-01-06 03:58:17
N5100	2017-01-09 21:45:12
N5102	2017-01-09 21:20:31
N5103	2017-01-09 21:24:55
N5107	2017-01-10 06:59:43
N5108	2017-01-09 21:44:21
N5109	2017-01-09 21:48:46
N5110	2017-01-09 21:49:37
N5111	2017-01-09 21:50:15
N5112	2017-01-09 21:53:07
N5113	2017-01-09 21:53:34
N5114	2017-01-09 21:56:09
N5115	2017-01-09 22:01:52
N5116	2017-01-09 22:11:39
N5120	2017-01-09 22:28:56
N5121	2017-01-09 22:32:40
N5122	2017-01-09 22:36:35
N5123	2017-01-09 22:37:04
N5125	2017-01-10 04:53:02
N5128	2017-01-09 23:02:04
N5129	2017-01-09 23:02:59
N513	2017-01-10 22:10:32
N5130	2017-01-09 23:07:56
N5132	2017-01-09 23:19:25
N5134	2017-01-09 23:27:24
N5135	2017-01-09 23:29:22
N5136	2017-01-09 23:29:34
N5137	2017-01-10 00:18:17
N514	2017-01-05 13:44:00
N5140	2017-01-09 23:39:45
N5141	2017-01-09 23:46:31
N5142	2017-01-09 23:48:34
N5143	2017-01-10 00:00:41
N5144	2017-01-10 00:09:36
N5145	2017-01-10 00:19:29
N5146	2017-01-10 00:23:20
N5147	2017-01-10 02:25:36
N5149	2017-01-10 00:28:52
N5152	2017-01-10 00:36:34
N5154	2017-01-10 00:52:43
N5155	2017-01-10 00:56:21
N5158	2017-01-10 01:07:13
N5159	2017-01-10 01:13:34
N5160	2017-01-10 01:14:16
N5162	2017-01-10 01:16:36
N5165	2017-01-10 01:19:19
N5166	2017-01-10 01:27:08
N5167	2017-01-10 01:27:14
N517	2017-01-11 15:04:10
N5170	2017-01-10 01:31:32
N5172	2017-01-10 01:34:40
N5173	2017-01-10 01:34:45
N5174	2017-01-10 01:36:06
N5175	2017-01-10 23:31:35
N5177	2017-01-10 01:47:39
N5178	2017-01-10 01:51:48
N518	2017-01-08 05:31:32
N5181	2017-01-10 01:52:19
N5182	2017-01-10 01:53:16
N5183	2017-01-10 01:56:51
N5184	2017-01-10 01:58:06
N5187	2017-01-10 06:48:40
N5189	2017-01-10 02:17:27
N5190	2017-01-10 02:17:41
N5193	2017-01-10 02:24:02
N5194	2017-01-10 02:30:10
N5195	2017-01-10 02:31:25
N5196	2017-01-10 02:31:26
N5197	2017-01-10 02:31:57
N5199	2017-01-10 02:39:50
N5201	2017-01-10 02:40:15
N5203	2017-01-10 02:43:35
N5204	2017-01-10 02:44:49
N5207	2017-01-10 02:53:24
N5208	2017-01-10 02:55:15
N5209	2017-01-10 02:58:17
N5211	2017-01-10 02:58:28
N5213	2017-01-10 03:08:55
N5215	2017-01-10 03:01:54
N5216	2017-01-10 03:10:21
N5217	2017-01-10 03:07:29
N5218	2017-01-10 03:08:58
N5219	2017-01-10 03:12:05
N5220	2017-01-10 06:00:23
N5221	2017-01-10 05:58:24
N5222	2017-01-10 03:12:39
N5223	2017-01-10 03:13:30
N5224	2017-01-10 03:13:42
N5225	2017-01-10 03:14:15
N5226	2017-01-10 03:14:39
N5228	2017-01-10 03:19:31
N5229	2017-01-10 03:22:55
N5231	2017-01-10 03:23:49
N5234	2017-01-10 03:33:36
N5235	2017-01-10 03:34:07
N5236	2017-01-10 03:36:13
N5237	2017-01-10 03:38:32
N5239	2017-01-10 03:43:48
N5243	2017-01-10 03:54:57
N5244	2017-01-10 03:56:44
N5247	2017-01-10 04:02:25
N5248	2017-01-10 04:10:41
N5249	2017-01-10 04:11:30
N5250	2017-01-10 04:12:25
N5252	2017-01-10 04:18:43
N5253	2017-01-10 04:20:55
N5255	2017-01-10 04:23:10
N5256	2017-01-10 04:25:55
N5257	2017-01-10 04:41:33
N5258	2017-01-10 04:44:45
N5259	2017-01-10 04:47:00
N526	2017-01-09 19:15:22
N5260	2017-01-10 04:54:03
N5261	2017-01-10 04:58:39
N5263	2017-01-10 05:01:16
N5264	2017-01-10 05:01:41
N5265	2017-01-10 05:03:34
N5266	2017-01-10 05:06:41
N5268	2017-01-10 05:07:16
N5271	2017-01-10 05:11:59
N5274	2017-01-10 05:13:55
N5275	2017-01-10 05:17:52
N5277	2017-01-10 05:21:55
N5278	2017-01-10 05:25:51
N5282	2017-01-10 05:34:40
N5283	2017-01-10 05:38:58
N5287	2017-01-10 05:54:19
N5288	2017-01-10 05:56:12
N5292	2017-01-10 05:58:46
N5295	2017-01-10 06:04:54
N5296	2017-01-10 06:14:29
N5297	2017-01-10 06:12:45
N5298	2017-01-10 06:13:22
N5299	2017-01-10 06:13:33
N53	2017-01-05 12:36:59
N5300	2017-01-11 04:33:05
N5301	2017-01-10 06:17:03
N5303	2017-01-10 06:20:20
N5304	2017-01-10 06:21:35
N5305	2017-01-10 06:22:16
N5306	2017-01-10 06:22:26
N5307	2017-01-10 06:30:13
N5308	2017-01-10 06:32:29
N5310	2017-01-10 06:40:59
N5311	2017-01-10 06:43:13
N5312	2017-01-10 06:43:57
N5315	2017-01-10 06:47:28
N5316	2017-01-10 06:51:38
N5317	2017-01-10 06:52:50
N5318	2017-01-10 06:55:55
N5319	2017-01-10 06:56:09
N5320	2017-01-10 06:56:34
N5321	2017-01-10 06:57:58
N5322	2017-01-10 07:07:14
N5323	2017-01-10 07:09:50
N5324	2017-01-10 07:12:53
N5325	2017-01-10 07:13:30
N5327	2017-01-10 07:19:38
N5330	2017-01-10 16:49:08
N5331	2017-01-10 07:27:47
N5332	2017-01-10 07:29:11
N5333	2017-01-10 07:35:30
N5334	2017-01-10 07:36:18
N5337	2017-01-10 07:55:37
N5338	2017-01-10 08:00:07
N5339	2017-01-10 08:05:33
N5340	2017-01-10 08:08:08
N5341	2017-01-10 08:01:36
N5342	2017-01-10 08:25:55
N5344	2017-01-10 08:11:52
N5345	2017-01-10 08:08:44
N5346	2017-01-10 08:10:19
N5347	2017-01-10 08:11:27
N5348	2017-01-10 12:59:48
N5349	2017-01-10 08:15:50
N5351	2017-01-10 08:19:01
N5352	2017-01-10 13:02:15
N5353	2017-01-10 13:33:45
N5356	2017-01-10 08:44:27
N5358	2017-01-10 08:53:08
N5360	2017-01-10 09:03:27
N5361	2017-01-10 09:17:04
N5362	2017-01-10 09:25:26
N5369	2017-01-10 13:03:00
N537	2017-01-05 20:21:54
N5370	2017-01-10 13:26:25
N5371	2017-01-10 13:41:53
N5373	2017-01-10 14:02:30
N5374	2017-01-10 14:08:52
N5376	2017-01-10 14:18:28
N5377	2017-01-10 14:20:08
N5378	2017-01-10 14:25:53
N5380	2017-01-10 15:01:56
N5381	2017-01-10 15:06:09
N5382	2017-01-10 15:12:03
N5383	2017-01-10 15:55:13
N5384	2017-01-10 15:30:31
N5385	2017-01-10 15:31:33
N5387	2017-01-10 15:43:19
N5389	2017-01-10 15:50:51
N539	2017-01-05 00:09:24
N5392	2017-01-10 15:52:26
N5393	2017-01-10 15:53:34
N5394	2017-01-10 16:09:03
N5395	2017-01-10 15:57:34
N5396	2017-01-10 16:15:18
N5398	2017-01-10 16:34:20
N5399	2017-01-10 16:37:16
N54	2017-01-05 17:14:36
N5400	2017-01-10 16:45:12
N5401	2017-01-10 16:49:44
N5402	2017-01-10 16:50:36
N5403	2017-01-10 17:11:08
N5404	2017-01-10 17:13:08
N5405	2017-01-10 17:13:09
N5406	2017-01-10 17:14:20
N5407	2017-01-10 17:23:27
N5409	2017-01-10 17:27:45
N5410	2017-01-10 17:35:31
N5411	2017-01-10 17:36:23
N5415	2017-01-10 17:48:26
N5416	2017-01-10 17:56:05
N5417	2017-01-10 17:56:38
N5418	2017-01-10 22:53:17
N5419	2017-01-10 18:01:01
N5422	2017-01-10 18:07:20
N5423	2017-01-10 18:20:27
N5424	2017-01-10 18:23:22
N5425	2017-01-10 18:36:00
N5427	2017-01-10 18:40:41
N5429	2017-01-10 18:46:34
N5431	2017-01-10 18:48:37
N5433	2017-01-10 18:57:08
N5434	2017-01-10 18:59:11
N5438	2017-01-10 19:24:41
N5440	2017-01-10 19:38:25
N5441	2017-01-10 19:41:29
N5442	2017-01-10 19:42:07
N5446	2017-01-10 19:55:09
N5447	2017-01-10 19:55:57
N5448	2017-01-11 02:54:59
N5449	2017-01-10 19:57:27
N545	2017-01-09 05:58:52
N5450	2017-01-10 19:59:26
N5452	2017-01-10 20:03:03
N5453	2017-01-10 20:04:07
N5454	2017-01-10 20:04:45
N5457	2017-01-10 20:27:03
N5458	2017-01-10 20:30:29
N5459	2017-01-10 20:35:16
N546	2017-01-06 04:14:00
N5460	2017-01-10 20:40:29
N5461	2017-01-10 20:40:59
N5462	2017-01-10 20:41:56
N5463	2017-01-10 20:44:10
N5464	2017-01-10 20:51:12
N5465	2017-01-10 20:59:30
N5466	2017-01-10 20:49:42
N5468	2017-01-10 20:53:20
N5469	2017-01-11 15:02:51
N5470	2017-01-10 20:59:47
N5472	2017-01-10 21:03:03
N5476	2017-01-10 21:45:11
N5477	2017-01-10 21:40:42
N5479	2017-01-10 21:44:23
N5480	2017-01-10 21:45:40
N5481	2017-01-10 21:46:09
N5482	2017-01-10 21:47:14
N5487	2017-01-10 22:02:49
N5488	2017-01-10 22:07:25
N5489	2017-01-10 22:07:48
N5490	2017-01-10 22:09:38
N5491	2017-01-10 22:09:40
N5492	2017-01-10 22:29:16
N5493	2017-01-10 22:34:26
N5494	2017-01-10 22:35:28
N5495	2017-01-10 22:37:25
N5496	2017-01-10 22:39:51
N5497	2017-01-10 23:13:16
N5499	2017-01-10 22:53:33
N5500	2017-01-10 22:53:40
N5502	2017-01-10 22:56:52
N5503	2017-01-10 23:02:12
N5504	2017-01-10 23:03:50
N5509	2017-01-10 23:27:52
N5511	2017-01-10 23:35:36
N5512	2017-01-10 23:43:08
N5514	2017-01-11 00:07:36
N5516	2017-01-11 00:14:11
N5518	2017-01-11 00:19:48
N5519	2017-01-11 00:23:25
N5520	2017-01-11 00:23:37
N5522	2017-01-11 00:27:58
N5523	2017-01-11 00:29:07
N5524	2017-01-11 00:29:48
N5526	2017-01-11 00:37:35
N5527	2017-01-11 00:38:27
N5528	2017-01-11 00:54:09
N5529	2017-01-11 00:54:30
N5530	2017-01-11 00:55:57
N5532	2017-01-11 00:59:16
N5534	2017-01-11 01:09:00
N5535	2017-01-11 01:12:33
N5538	2017-01-11 01:24:12
N5539	2017-01-11 01:25:24
N554	2017-01-05 15:04:13
N5540	2017-01-11 01:27:04
N5541	2017-01-11 01:28:01
N5542	2017-01-11 01:31:02
N5543	2017-01-11 01:36:45
N5544	2017-01-11 01:36:57
N5545	2017-01-11 01:37:03
N5546	2017-01-11 01:47:12
N5547	2017-01-11 01:47:54
N5548	2017-01-11 02:01:38
N5549	2017-01-11 02:08:17
N5550	2017-01-11 02:10:35
N5552	2017-01-11 02:14:42
N5553	2017-01-11 02:20:09
N5557	2017-01-11 02:30:29
N5563	2017-01-11 02:43:24
N5564	2017-01-11 02:43:51
N5565	2017-01-11 02:52:44
N5566	2017-01-11 02:53:48
N5567	2017-01-11 02:56:01
N5568	2017-01-11 02:57:57
N5569	2017-01-11 03:05:53
N5570	2017-01-11 03:08:09
N5571	2017-01-11 03:19:02
N5572	2017-01-11 05:15:05
N5573	2017-01-11 03:17:05
N5575	2017-01-11 03:25:16
N5577	2017-01-11 03:26:14
N5578	2017-01-11 03:27:03
N5579	2017-01-11 03:27:36
N5581	2017-01-11 03:31:28
N5584	2017-01-11 03:34:23
N5585	2017-01-11 03:35:32
N5587	2017-01-11 03:35:46
N5590	2017-01-11 03:44:48
N5591	2017-01-11 03:52:27
N5592	2017-01-11 03:52:56
N5593	2017-01-11 07:53:36
N5594	2017-01-11 04:03:46
N5595	2017-01-11 04:11:49
N5596	2017-01-11 04:14:04
N5597	2017-01-11 04:18:19
N5599	2017-01-11 04:28:47
N560	2017-01-05 23:35:21
N5604	2017-01-11 04:49:21
N5606	2017-01-11 04:59:39
N5608	2017-01-11 05:02:50
N5610	2017-01-11 06:26:27
N5611	2017-01-11 06:28:41
N5613	2017-01-11 05:17:04
N5614	2017-01-11 05:17:27
N5615	2017-01-11 05:18:37
N5616	2017-01-11 05:19:12
N5617	2017-01-11 05:19:22
N5618	2017-01-11 05:21:22
N5619	2017-01-11 05:22:55
N5620	2017-01-11 18:57:16
N5621	2017-01-11 05:23:54
N5622	2017-01-11 05:26:31
N5623	2017-01-11 05:27:21
N5624	2017-01-11 05:28:54
N5626	2017-01-11 05:30:46
N5627	2017-01-11 05:34:43
N5628	2017-01-11 05:34:44
N5630	2017-01-11 05:38:06
N5633	2017-01-11 05:43:58
N5634	2017-01-11 05:46:08
N5636	2017-01-11 05:53:17
N5638	2017-01-11 05:57:09
N5640	2017-01-11 06:20:34
N5641	2017-01-11 06:21:20
N5642	2017-01-11 06:21:56
N5644	2017-01-11 06:36:54
N5645	2017-01-11 06:37:15
N5646	2017-01-11 06:41:50
N5648	2017-01-11 06:50:45
N5649	2017-01-11 06:48:36
N5651	2017-01-11 06:54:57
N5652	2017-01-11 07:01:54
N5655	2017-01-11 07:06:54
N5658	2017-01-11 07:24:42
N5660	2017-01-11 07:36:32
N5661	2017-01-11 07:36:33
N5662	2017-01-11 07:36:37
N5666	2017-01-11 07:47:32
N5667	2017-01-11 07:49:12
N567	2017-01-10 23:59:03
N5670	2017-01-11 07:59:41
N5671	2017-01-11 08:00:17
N5672	2017-01-11 08:00:23
N5673	2017-01-11 08:00:28
N5674	2017-01-11 08:01:27
N5675	2017-01-11 08:02:24
N5676	2017-01-11 08:05:34
N5677	2017-01-11 08:02:38
N5678	2017-01-11 08:03:58
N5679	2017-01-11 08:04:10
N5680	2017-01-11 14:26:12
N5682	2017-01-11 08:29:57
N5684	2017-01-11 14:34:32
N5685	2017-01-11 08:54:10
N5687	2017-01-11 09:06:43
N5688	2017-01-11 09:14:07
N5689	2017-01-11 14:34:35
N569	2017-01-05 01:09:49
N5690	2017-01-11 09:23:35
N5692	2017-01-11 09:47:33
N5693	2017-01-11 09:52:19
N5694	2017-01-11 10:06:49
N5695	2017-01-11 10:28:30
N5696	2017-01-11 10:37:54
N5697	2017-01-11 22:16:38
N5700	2017-01-11 11:29:38
N5702	2017-01-11 12:54:25
N5704	2017-01-11 13:05:42
N5705	2017-01-11 13:07:24
N5707	2017-01-11 14:06:27
N5708	2017-01-11 14:23:29
N5709	2017-01-11 14:24:04
N571	2017-01-06 04:21:39
N5710	2017-01-11 14:24:59
N5711	2017-01-11 14:28:35
N5712	2017-01-11 14:33:06
N5715	2017-01-11 14:43:27
N5716	2017-01-11 14:44:15
N5717	2017-01-11 14:55:24
N5719	2017-01-11 14:59:29
N5723	2017-01-11 15:21:05
N5724	2017-01-11 15:36:19
N5726	2017-01-11 15:42:53
N5727	2017-01-11 15:44:32
N5728	2017-01-11 15:45:15
N5729	2017-01-11 16:13:06
N5730	2017-01-11 16:05:24
N5731	2017-01-11 16:19:47
N5732	2017-01-11 16:13:24
N5733	2017-01-11 16:23:10
N5734	2017-01-11 16:31:54
N5735	2017-01-11 16:29:23
N5736	2017-01-11 16:30:16
N5737	2017-01-11 16:31:22
N5738	2017-01-11 16:32:49
N5741	2017-01-11 16:45:38
N5744	2017-01-11 16:48:23
N5745	2017-01-11 17:04:00
N5746	2017-01-11 17:10:08
N5748	2017-01-11 21:23:45
N5749	2017-01-11 17:12:13
N5750	2017-01-11 17:12:31
N5752	2017-01-11 17:19:33
N5753	2017-01-11 17:23:21
N5757	2017-01-11 17:43:23
N5759	2017-01-11 17:55:51
N5760	2017-01-11 18:10:49
N5761	2017-01-11 18:14:21
N5762	2017-01-11 18:14:27
N5763	2017-01-11 18:27:28
N5764	2017-01-11 18:28:53
N5765	2017-01-11 18:34:18
N5766	2017-01-11 18:45:57
N5767	2017-01-11 18:52:18
N5768	2017-01-11 18:55:59
N5769	2017-01-11 18:58:19
N577	2017-01-06 05:25:56
N5770	2017-01-11 19:00:35
N5773	2017-01-11 19:03:59
N5774	2017-01-11 20:13:43
N5775	2017-01-11 19:19:23
N5777	2017-01-11 19:20:54
N5778	2017-01-11 19:28:51
N5779	2017-01-11 19:46:50
N578	2017-01-06 20:03:43
N5780	2017-01-11 19:51:14
N5781	2017-01-11 20:11:32
N5782	2017-01-11 19:55:17
N5784	2017-01-11 20:03:17
N5785	2017-01-11 20:04:15
N5786	2017-01-11 20:04:24
N5789	2017-01-11 20:21:38
N5790	2017-01-11 20:28:32
N5791	2017-01-11 20:33:42
N5792	2017-01-11 20:38:07
N5793	2017-01-11 20:38:17
N5794	2017-01-11 20:51:06
N5795	2017-01-11 20:53:33
N5796	2017-01-11 20:53:56
N5797	2017-01-11 20:54:48
N5798	2017-01-11 20:55:58
N5799	2017-01-11 20:57:32
N580	2017-01-08 16:38:30
N5800	2017-01-11 20:57:47
N5806	2017-01-11 21:45:34
N5809	2017-01-11 21:57:47
N581	2017-01-05 06:38:29
N5810	2017-01-11 22:04:15
N5811	2017-01-11 22:04:30
N5813	2017-01-11 22:07:37
N5814	2017-01-11 22:10:35
N5815	2017-01-11 22:10:13
N5817	2017-01-11 22:12:33
N5818	2017-01-11 22:14:12
N5819	2017-01-11 22:31:14
N5821	2017-01-11 22:36:28
N5824	2017-01-11 23:14:11
N5827	2017-01-11 23:28:22
N5829	2017-01-11 23:41:17
N5831	2017-01-11 23:51:46
N5833	2017-01-11 23:49:55
N5834	2017-01-11 23:50:06
N5837	2017-01-11 23:58:10
N585	2017-01-05 13:57:29
N588	2017-01-05 21:27:28
N59	2017-01-05 22:01:07
N595	2017-01-05 07:02:58
N597	2017-01-05 23:31:31
N599	2017-01-06 02:58:32
N604	2017-01-05 00:05:11
N608	2017-01-09 02:18:40
N61	2017-01-05 00:07:16
N610	2017-01-06 05:13:46
N613	2017-01-05 06:58:04
N617	2017-01-07 19:56:13
N62	2017-01-05 00:24:56
N626	2017-01-07 18:15:58
N63	2017-01-05 01:30:26
N631	2017-01-07 08:22:31
N632	2017-01-10 06:11:54
N64	2017-01-05 03:47:36
N642	2017-01-05 23:46:40
N643	2017-01-06 19:10:52
N645	2017-01-05 20:49:46
N649	2017-01-05 22:56:56
N65	2017-01-05 06:39:12
N66	2017-01-05 01:30:33
N668	2017-01-11 01:43:57
N67	2017-01-05 17:52:59
N671	2017-01-05 07:30:12
N676	2017-01-05 18:39:35
N68	2017-01-07 06:56:03
N683	2017-01-06 05:45:32
N684	2017-01-07 06:32:05
N685	2017-01-10 06:25:21
N69	2017-01-05 01:13:27
N690	2017-01-07 08:26:42
N691	2017-01-05 22:34:28
N695	2017-01-06 01:06:43
N699	2017-01-11 05:11:07
N70	2017-01-05 00:07:46
N701	2017-01-05 22:37:08
N702	2017-01-06 05:02:15
N705	2017-01-05 14:55:03
N709	2017-01-05 06:24:50
N710	2017-01-05 22:21:33
N715	2017-01-05 15:04:11
N718	2017-01-10 08:03:18
N72	2017-01-05 22:22:32
N723	2017-01-06 00:28:02
N728	2017-01-11 05:18:42
N729	2017-01-07 20:07:37
N73	2017-01-05 01:29:34
N730	2017-01-11 02:53:27
N733	2017-01-07 18:26:50
N743	2017-01-06 22:42:54
N749	2017-01-06 21:00:01
N75	2017-01-09 00:35:58
N758	2017-01-09 23:31:34
N76	2017-01-05 03:36:38
N761	2017-01-05 07:04:34
N765	2017-01-09 02:57:28
N768	2017-01-09 15:45:37
N769	2017-01-05 16:15:06
N776	2017-01-06 03:04:35
N784	2017-01-06 09:25:35
N786	2017-01-08 23:47:29
N79	2017-01-06 23:40:04
N791	2017-01-05 00:46:35
N795	2017-01-07 20:49:57
N8	2017-01-05 02:50:18
N800	2017-01-07 19:28:14
N803	2017-01-06 07:16:02
N809	2017-01-05 23:53:31
N817	2017-01-10 00:38:52
N819	2017-01-09 02:57:41
N821	2017-01-05 00:22:01
N830	2017-01-10 00:58:58
N834	2017-01-10 17:55:50
N837	2017-01-06 01:52:25
N842	2017-01-06 15:04:43
N843	2017-01-10 04:22:39
N844	2017-01-07 07:31:21
N846	2017-01-07 07:06:27
N85	2017-01-11 19:38:05
N855	2017-01-11 02:41:32
N867	2017-01-09 20:26:41
N87	2017-01-05 01:37:10
N870	2017-01-05 23:39:26
N873	2017-01-07 18:00:03
N88	2017-01-05 21:02:01
N882	2017-01-05 23:34:41
N897	2017-01-07 12:14:37
N9	2017-01-05 18:31:36
N900	2017-01-09 05:20:27
N909	2017-01-06 17:44:24
N911	2017-01-06 07:45:25
N916	2017-01-05 22:07:43
N92	2017-01-05 07:14:34
N924	2017-01-09 05:36:15
N928	2017-01-06 00:00:52
N929	2017-01-06 05:32:35
N934	2017-01-05 16:48:46
N940	2017-01-06 05:54:02
N943	2017-01-05 00:32:01
N950	2017-01-05 00:53:22
N962	2017-01-08 02:41:28
N97	2017-01-07 20:19:14
N978	2017-01-06 00:02:59
N98	2017-01-05 06:53:18
N985	2017-01-06 16:32:37
N987	2017-01-07 09:47:32
N99	2017-01-05 06:23:33
N997	2017-01-05 03:05:48
