news_id	news_int
N2971	0
N2636	1
N2900	2
N2874	3
N3023	4
N2973	5
N3006	6
N2983	7
N3020	8
N2469	9
N2984	10
N2887	11
N2735	12
N3024	13
N2885	14
N2689	15
N2883	16
N1784	17
N3012	18
N2928	19
N2322	20
N2738	21
N2974	22
N2868	23
N2074	24
N2656	25
N2671	26
N3026	27
N2775	28
N604	29
N1042	30
N2817	31
N2672	32
N1427	33
N2813	34
N2767	35
N61	36
N2418	37
N2903	38
N70	39
N2786	40
N2716	41
N104	42
N2906	43
N2754	44
N2710	45
N2955	46
N2755	47
N1287	48
N539	49
N2753	50
N2719	51
N454	52
N2602	53
N2603	54
N502	55
N1985	56
N2361	57
N2597	58
N2604	59
N2812	60
N2329	61
N2756	62
N2866	63
N2864	64
N380	65
N2158	66
N2881	67
N2934	68
N2495	69
N1830	70
N3031	71
N2260	72
N1762	73
N3032	74
N1718	75
N1931	76
N2614	77
N821	78
N2327	79
N2886	80
N3029	81
N1634	82
N62	83
N3034	84
N2009	85
N2283	86
N2821	87
N3036	88
N3037	89
N2578	90
N2215	91
N2543	92
N2823	93
N2966	94
N2160	95
N943	96
N1911	97
N2413	98
N2122	99
N2022	100
N3038	101
N2873	102
N2044	103
N2087	104
N2675	105
N2723	106
N2734	107
N2526	108
N2944	109
N1768	110
N2816	111
N2717	112
N1987	113
N1965	114
N1916	115
N791	116
N319	117
N3042	118
N253	119
N3043	120
N3041	121
N2443	122
N1801	123
N1889	124
N1420	125
N950	126
N2308	127
N2859	128
N2815	129
N2128	130
N3046	131
N2458	132
N3021	133
N2186	134
N2542	135
N2921	136
N17	137
N569	138
N1901	139
N163	140
N2459	141
N69	142
N1903	143
N19	144
N2729	145
N2757	146
N3047	147
N445	148
N1212	149
N3054	150
N3055	151
N16	152
N2598	153
N2106	154
N1299	155
N271	156
N205	157
N2041	158
N24	159
N2943	160
N5	161
N73	162
N2446	163
N2483	164
N1883	165
N63	166
N66	167
N3057	168
N3058	169
N2392	170
N87	171
N2950	172
N280	173
N3060	174
N2468	175
N3061	176
N2121	177
N1923	178
N3062	179
N3064	180
N3065	181
N3066	182
N3067	183
N1785	184
N3068	185
N266	186
N2878	187
N2387	188
N2811	189
N3071	190
N3072	191
N2447	192
N3073	193
N2	194
N2123	195
N1449	196
N3076	197
N3077	198
N3078	199
N2401	200
N137	201
N1786	202
N4	203
N3086	204
N1770	205
N1773	206
N2985	207
N2514	208
N3090	209
N2622	210
N3091	211
N1823	212
N3092	213
N2802	214
N255	215
N2274	216
N2961	217
N2388	218
N1373	219
N107	220
N2096	221
N1221	222
N2504	223
N2737	224
N2048	225
N3102	226
N8	227
N131	228
N1861	229
N2525	230
N2981	231
N3017	232
N39	233
N3105	234
N2789	235
N2461	236
N1800	237
N3109	238
N997	239
N3110	240
N1840	241
N3111	242
N127	243
N2891	244
N3112	245
N2742	246
N291	247
N2877	248
N2510	249
N3113	250
N3115	251
N2571	252
N2506	253
N2840	254
N2212	255
N2626	256
N3119	257
N76	258
N1456	259
N2090	260
N2779	261
N244	262
N150	263
N2091	264
N1878	265
N3121	266
N64	267
N3122	268
N3120	269
N3125	270
N3128	271
N13	272
N2552	273
N2093	274
N2828	275
N3134	276
N1037	277
N2752	278
N3139	279
N1267	280
N3140	281
N3142	282
N3039	283
N190	284
N2502	285
N1819	286
N3146	287
N1538	288
N3148	289
N36	290
N2911	291
N3149	292
N306	293
N2208	294
N3152	295
N2056	296
N3153	297
N1480	298
N3155	299
N3157	300
N2814	301
N3159	302
N3160	303
N3161	304
N2745	305
N500	306
N2161	307
N2507	308
N1725	309
N3168	310
N3169	311
N3162	312
N3170	313
N3171	314
N1789	315
N35	316
N442	317
N3172	318
N164	319
N2229	320
N3174	321
N128	322
N3181	323
N2820	324
N3182	325
N1179	326
N3183	327
N2039	328
N3185	329
N2379	330
N3186	331
N1518	332
N2476	333
N14	334
N2632	335
N2362	336
N3187	337
N3141	338
N3188	339
N33	340
N3190	341
N3191	342
N399	343
N99	344
N709	345
N383	346
N2871	347
N2168	348
N3196	349
N30	350
N2784	351
N2038	352
N233	353
N3199	354
N581	355
N65	356
N3200	357
N3201	358
N2319	359
N3202	360
N2395	361
N3211	362
N1580	363
N98	364
N1276	365
N3214	366
N3215	367
N3216	368
N2549	369
N2739	370
N3219	371
N3220	372
N2740	373
N613	374
N595	375
N3224	376
N2191	377
N761	378
N1779	379
N3230	380
N3233	381
N92	382
N439	383
N1029	384
N3238	385
N3239	386
N3241	387
N671	388
N2805	389
N3242	390
N3019	391
N2033	392
N2724	393
N3245	394
N2204	395
N3247	396
N166	397
N3251	398
N422	399
N2193	400
N3258	401
N1966	402
N3263	403
N3259	404
N3261	405
N2338	406
N3270	407
N398	408
N2645	409
N3272	410
N3273	411
N3274	412
N3275	413
N2702	414
N2555	415
N3277	416
N3278	417
N3264	418
N1688	419
N3281	420
N3266	421
N3285	422
N2607	423
N2490	424
N1128	425
N167	426
N2875	427
N2482	428
N3291	429
N2316	430
N3294	431
N3295	432
N3296	433
N2869	434
N2277	435
N3298	436
N2360	437
N53	438
N3306	439
N3307	440
N1735	441
N3308	442
N3309	443
N514	444
N2897	445
N3311	446
N2342	447
N585	448
N3208	449
N3312	450
N3189	451
N1723	452
N3304	453
N3315	454
N2938	455
N3316	456
N705	457
N3317	458
N715	459
N554	460
N3318	461
N3320	462
N3321	463
N3322	464
N2201	465
N1719	466
N3276	467
N3325	468
N1954	469
N2818	470
N3328	471
N3330	472
N1834	473
N3331	474
N3332	475
N321	476
N411	477
N3333	478
N1272	479
N3334	480
N769	481
N27	482
N1947	483
N3335	484
N2151	485
N3336	486
N3338	487
N3343	488
N3344	489
N3345	490
N3347	491
N3348	492
N497	493
N934	494
N1562	495
N1899	496
N3352	497
N1765	498
N3353	499
N110	500
N1808	501
N3355	502
N3356	503
N54	504
N3358	505
N3360	506
N2977	507
N2844	508
N2843	509
N2986	510
N3361	511
N1782	512
N3362	513
N3363	514
N3364	515
N67	516
N2477	517
N3365	518
N3366	519
N3367	520
N2174	521
N3287	522
N3368	523
N3369	524
N1230	525
N3371	526
N3372	527
N507	528
N3223	529
N1776	530
N3377	531
N3374	532
N9	533
N676	534
N1970	535
N2554	536
N3383	537
N3387	538
N2344	539
N2901	540
N3246	541
N3392	542
N2499	543
N3390	544
N3395	545
N2930	546
N3293	547
N3399	548
N3400	549
N3401	550
N2421	551
N3404	552
N3405	553
N1778	554
N3406	555
N3407	556
N3408	557
N3409	558
N537	559
N3414	560
N2892	561
N3420	562
N3421	563
N645	564
N3422	565
N3423	566
N3424	567
N1524	568
N2386	569
N2417	570
N20	571
N88	572
N3426	573
N3427	574
N1912	575
N363	576
N2064	577
N3428	578
N3429	579
N3432	580
N3433	581
N3430	582
N3434	583
N3435	584
N3436	585
N2687	586
N3438	587
N2454	588
N3440	589
N1194	590
N3442	591
N3444	592
N588	593
N3445	594
N3447	595
N2509	596
N3450	597
N3449	598
N3453	599
N3454	600
N1764	601
N3455	602
N3456	603
N3457	604
N3458	605
N3459	606
N1601	607
N3460	608
N3461	609
N450	610
N48	611
N2198	612
N2311	613
N59	614
N133	615
N3464	616
N2003	617
N916	618
N3466	619
N3465	620
N1788	621
N3468	622
N3471	623
N3472	624
N2280	625
N3475	626
N3473	627
N710	628
N2081	629
N72	630
N3477	631
N3478	632
N112	633
N3479	634
N1845	635
N2287	636
N3481	637
N691	638
N2237	639
N701	640
N3484	641
N3485	642
N3486	643
N3487	644
N3469	645
N3489	646
N209	647
N2025	648
N649	649
N2492	650
N3494	651
N3496	652
N1550	653
N3463	654
N2133	655
N3497	656
N3476	657
N2249	658
N3495	659
N2202	660
N3437	661
N597	662
N3500	663
N882	664
N560	665
N2098	666
N870	667
N1875	668
N2273	669
N290	670
N2952	671
N642	672
N1873	673
N809	674
N3507	675
N182	676
N3510	677
N3508	678
N1473	679
N2852	680
N3512	681
N3513	682
N928	683
N3514	684
N978	685
N3515	686
N3132	687
N3517	688
N3518	689
N3519	690
N1930	691
N3524	692
N3525	693
N1847	694
N3527	695
N114	696
N723	697
N2512	698
N3530	699
N3531	700
N3532	701
N15	702
N3535	703
N3536	704
N3537	705
N3492	706
N3540	707
N3539	708
N3542	709
N488	710
N2324	711
N441	712
N1877	713
N1925	714
N3005	715
N3548	716
N3551	717
N3554	718
N695	719
N3550	720
N1441	721
N3502	722
N103	723
N1359	724
N2393	725
N3557	726
N3559	727
N3560	728
N2741	729
N3563	730
N1079	731
N3565	732
N3569	733
N3451	734
N2333	735
N3543	736
N1791	737
N3576	738
N3577	739
N3578	740
N3571	741
N3579	742
N3580	743
N837	744
N3581	745
N3290	746
N3582	747
N3138	748
N2256	749
N2309	750
N3585	751
N185	752
N3587	753
N296	754
N3594	755
N3595	756
N2423	757
N3598	758
N3599	759
N3601	760
N3603	761
N2484	762
N3095	763
N3605	764
N3606	765
N3609	766
N3611	767
N3612	768
N2194	769
N3613	770
N3617	771
N3618	772
N3621	773
N3622	774
N41	775
N599	776
N3625	777
N3626	778
N776	779
N1091	780
N1125	781
N3629	782
N3630	783
N3616	784
N2214	785
N2408	786
N3638	787
N1097	788
N3640	789
N3641	790
N3644	791
N3645	792
N3636	793
N3646	794
N3431	795
N3647	796
N3649	797
N3650	798
N3651	799
N1766	800
N3653	801
N282	802
N3654	803
N3658	804
N3659	805
N51	806
N3663	807
N3666	808
N3667	809
N3668	810
N3669	811
N3670	812
N3671	813
N3672	814
N3673	815
N3676	816
N418	817
N3679	818
N546	819
N3680	820
N3681	821
N3682	822
N3683	823
N3684	824
N571	825
N3685	826
N1481	827
N1867	828
N3686	829
N3687	830
N3688	831
N3690	832
N3691	833
N3695	834
N381	835
N3699	836
N3701	837
N3705	838
N3706	839
N3708	840
N3710	841
N3712	842
N3715	843
N3716	844
N2232	845
N3718	846
N3720	847
N3721	848
N3722	849
N702	850
N3725	851
N3726	852
N3728	853
N111	854
N3009	855
N3730	856
N3732	857
N3733	858
N3734	859
N3736	860
N3737	861
N3738	862
N3739	863
N610	864
N3741	865
N3743	866
N3418	867
N1642	868
N577	869
N3750	870
N3164	871
N3751	872
N3756	873
N2378	874
N1934	875
N929	876
N1683	877
N1921	878
N3758	879
N2372	880
N3761	881
N683	882
N3286	883
N3764	884
N940	885
N3753	886
N3713	887
N3124	888
N3768	889
N3769	890
N3770	891
N3771	892
N1745	893
N3773	894
N3772	895
N3714	896
N3774	897
N3762	898
N3775	899
N364	900
N3127	901
N3000	902
N3784	903
N3785	904
N3786	905
N252	906
N3788	907
N3790	908
N3791	909
N3794	910
N3795	911
N2289	912
N158	913
N3799	914
N3801	915
N3806	916
N3805	917
N3752	918
N3808	919
N3809	920
N3814	921
N3815	922
N3817	923
N3818	924
N3820	925
N3793	926
N3822	927
N3823	928
N3824	929
N3825	930
N3826	931
N3697	932
N3836	933
N3840	934
N3833	935
N803	936
N3842	937
N3631	938
N3845	939
N3852	940
N3727	941
N3857	942
N3858	943
N3498	944
N3861	945
N911	946
N2727	947
N2501	948
N2505	949
N3864	950
N3740	951
N3865	952
N211	953
N2579	954
N3867	955
N3868	956
N3870	957
N3869	958
N443	959
N3871	960
N3872	961
N3874	962
N3875	963
N227	964
N1452	965
N3831	966
N3877	967
N3878	968
N3881	969
N3882	970
N1277	971
N3883	972
N1	973
N3889	974
N3891	975
N784	976
N3780	977
N3892	978
N2095	979
N3789	980
N3893	981
N1922	982
N1471	983
N2931	984
N1226	985
N3876	986
N3896	987
N3899	988
N3901	989
N1069	990
N3767	991
N3903	992
N3904	993
N3902	994
N3835	995
N2014	996
N1395	997
N2445	998
N842	999
N1976	1000
N3908	1001
N3079	1002
N420	1003
N3906	1004
N3914	1005
N3915	1006
N3917	1007
N3916	1008
N3918	1009
N3920	1010
N3921	1011
N3744	1012
N2909	1013
N3898	1014
N2219	1015
N2996	1016
N1920	1017
N2537	1018
N3380	1019
N3922	1020
N3923	1021
N31	1022
N3919	1023
N3927	1024
N985	1025
N3928	1026
N3929	1027
N1145	1028
N3933	1029
N283	1030
N3934	1031
N3935	1032
N2991	1033
N3938	1034
N3936	1035
N1458	1036
N3941	1037
N3942	1038
N909	1039
N3943	1040
N3944	1041
N3945	1042
N1342	1043
N3717	1044
N3262	1045
N3946	1046
N2945	1047
N3947	1048
N3951	1049
N3952	1050
N436	1051
N145	1052
N2902	1053
N2479	1054
N3957	1055
N3959	1056
N3961	1057
N3962	1058
N3958	1059
N3963	1060
N3965	1061
N3966	1062
N3967	1063
N3969	1064
N3974	1065
N643	1066
N1802	1067
N3976	1068
N2768	1069
N3979	1070
N3980	1071
N170	1072
N3984	1073
N3983	1074
N3985	1075
N1021	1076
N578	1077
N3049	1078
N1249	1079
N3988	1080
N3989	1081
N3931	1082
N3996	1083
N3994	1084
N3998	1085
N3999	1086
N3995	1087
N3900	1088
N3997	1089
N749	1090
N2621	1091
N4002	1092
N3412	1093
N4003	1094
N284	1095
N2036	1096
N4005	1097
N3953	1098
N4006	1099
N4008	1100
N4010	1101
N4011	1102
N4009	1103
N4014	1104
N2908	1105
N4016	1106
N4017	1107
N216	1108
N4019	1109
N4018	1110
N4021	1111
N2550	1112
N2638	1113
N743	1114
N2612	1115
N4025	1116
N4027	1117
N2699	1118
N4007	1119
N4033	1120
N4034	1121
N4035	1122
N4036	1123
N79	1124
N2680	1125
N4037	1126
N4038	1127
N1886	1128
N2416	1129
N4043	1130
N4044	1131
N4045	1132
N4046	1133
N4047	1134
N2841	1135
N2994	1136
N4049	1137
N4052	1138
N4055	1139
N4060	1140
N4061	1141
N4029	1142
N4062	1143
N377	1144
N4064	1145
N2102	1146
N4067	1147
N3398	1148
N2896	1149
N4068	1150
N4070	1151
N4071	1152
N1832	1153
N4028	1154
N318	1155
N4074	1156
N4076	1157
N4077	1158
N2494	1159
N263	1160
N4079	1161
N4082	1162
N1498	1163
N1609	1164
N4084	1165
N2258	1166
N4088	1167
N4089	1168
N4086	1169
N4096	1170
N1935	1171
N4097	1172
N2125	1173
N1996	1174
N4098	1175
N4099	1176
N2389	1177
N4100	1178
N4101	1179
N4106	1180
N1204	1181
N4110	1182
N4112	1183
N4114	1184
N3982	1185
N4118	1186
N4057	1187
N4119	1188
N2576	1189
N3978	1190
N1767	1191
N38	1192
N1061	1193
N4121	1194
N4123	1195
N4124	1196
N4125	1197
N2463	1198
N115	1199
N4131	1200
N4130	1201
N4135	1202
N4136	1203
N279	1204
N2300	1205
N4138	1206
N4139	1207
N4142	1208
N4145	1209
N4146	1210
N1967	1211
N3552	1212
N1591	1213
N4152	1214
N1978	1215
N4048	1216
N4155	1217
N4156	1218
N2397	1219
N1821	1220
N1787	1221
N315	1222
N1203	1223
N2227	1224
N245	1225
N3759	1226
N4161	1227
N4162	1228
N4164	1229
N4165	1230
N4168	1231
N4170	1232
N4172	1233
N4176	1234
N4173	1235
N4178	1236
N4179	1237
N4182	1238
N684	1239
N4187	1240
N4177	1241
N4063	1242
N4184	1243
N1430	1244
N68	1245
N4191	1246
N4192	1247
N4195	1248
N3018	1249
N4196	1250
N109	1251
N846	1252
N3370	1253
N4198	1254
N4200	1255
N4201	1256
N4203	1257
N4205	1258
N4206	1259
N191	1260
N844	1261
N1360	1262
N4211	1263
N4215	1264
N3522	1265
N4218	1266
N3359	1267
N1692	1268
N326	1269
N4219	1270
N4220	1271
N4221	1272
N4222	1273
N4224	1274
N4223	1275
N4225	1276
N4226	1277
N4227	1278
N4228	1279
N4004	1280
N4232	1281
N4235	1282
N4239	1283
N631	1284
N690	1285
N4240	1286
N1428	1287
N4241	1288
N4243	1289
N4244	1290
N2677	1291
N3635	1292
N4245	1293
N4246	1294
N4234	1295
N4247	1296
N4216	1297
N4250	1298
N4251	1299
N4253	1300
N1035	1301
N4256	1302
N4230	1303
N4257	1304
N987	1305
N4258	1306
N1728	1307
N4259	1308
N4260	1309
N4083	1310
N3393	1311
N4265	1312
N4266	1313
N2415	1314
N4229	1315
N2126	1316
N1472	1317
N897	1318
N4269	1319
N1794	1320
N2042	1321
N4270	1322
N4254	1323
N4273	1324
N4274	1325
N4275	1326
N4276	1327
N1843	1328
N4278	1329
N1133	1330
N4280	1331
N4272	1332
N4281	1333
N4282	1334
N4283	1335
N1724	1336
N4284	1337
N100	1338
N4288	1339
N4289	1340
N4291	1341
N4294	1342
N4295	1343
N2471	1344
N4298	1345
N2228	1346
N322	1347
N3846	1348
N2146	1349
N4300	1350
N4302	1351
N4231	1352
N4303	1353
N4167	1354
N4304	1355
N2381	1356
N873	1357
N1229	1358
N113	1359
N447	1360
N1810	1361
N4307	1362
N4309	1363
N626	1364
N4238	1365
N733	1366
N4310	1367
N1959	1368
N4313	1369
N4314	1370
N1939	1371
N4316	1372
N4317	1373
N4320	1374
N4319	1375
N4321	1376
N4308	1377
N4214	1378
N4323	1379
N4325	1380
N4326	1381
N335	1382
N4328	1383
N4332	1384
N4333	1385
N4334	1386
N3044	1387
N4338	1388
N4339	1389
N800	1390
N4341	1391
N4340	1392
N1696	1393
N4343	1394
N4344	1395
N4346	1396
N4345	1397
N2086	1398
N4324	1399
N4349	1400
N1000	1401
N4352	1402
N126	1403
N264	1404
N617	1405
N3117	1406
N729	1407
N4355	1408
N4356	1409
N4357	1410
N97	1411
N1927	1412
N4342	1413
N1910	1414
N3911	1415
N4358	1416
N4360	1417
N4361	1418
N4368	1419
N4337	1420
N795	1421
N4370	1422
N2585	1423
N4372	1424
N3639	1425
N4376	1426
N4378	1427
N2035	1428
N4380	1429
N4381	1430
N4382	1431
N4379	1432
N4383	1433
N4384	1434
N4387	1435
N4389	1436
N4393	1437
N4397	1438
N1885	1439
N4404	1440
N4329	1441
N401	1442
N1070	1443
N3175	1444
N2746	1445
N4413	1446
N3389	1447
N4415	1448
N4417	1449
N4416	1450
N1408	1451
N4426	1452
N4427	1453
N4428	1454
N4430	1455
N4431	1456
N4435	1457
N4436	1458
N4439	1459
N4440	1460
N3972	1461
N4444	1462
N293	1463
N4448	1464
N4449	1465
N4453	1466
N4455	1467
N2605	1468
N4457	1469
N4460	1470
N4461	1471
N4459	1472
N4458	1473
N2083	1474
N4466	1475
N4467	1476
N4470	1477
N1233	1478
N1803	1479
N4471	1480
N1862	1481
N4476	1482
N4478	1483
N2176	1484
N4480	1485
N4481	1486
N4483	1487
N4484	1488
N4488	1489
N4489	1490
N4492	1491
N4494	1492
N4500	1493
N4501	1494
N4502	1495
N4503	1496
N3384	1497
N962	1498
N1822	1499
N4505	1500
N4508	1501
N4279	1502
N4514	1503
N4515	1504
N4516	1505
N4518	1506
N4520	1507
N4521	1508
N2556	1509
N4523	1510
N1983	1511
N4525	1512
N4527	1513
N4528	1514
N4529	1515
N4530	1516
N4531	1517
N45	1518
N4532	1519
N4533	1520
N4535	1521
N4536	1522
N4537	1523
N4538	1524
N4534	1525
N4539	1526
N4542	1527
N4543	1528
N1528	1529
N3137	1530
N4545	1531
N2318	1532
N1663	1533
N270	1534
N4546	1535
N1182	1536
N4331	1537
N2530	1538
N4547	1539
N1068	1540
N2027	1541
N4335	1542
N4550	1543
N4551	1544
N4552	1545
N4553	1546
N218	1547
N4555	1548
N2703	1549
N4556	1550
N4557	1551
N2394	1552
N3627	1553
N4558	1554
N4560	1555
N4561	1556
N4563	1557
N4564	1558
N518	1559
N1259	1560
N272	1561
N4567	1562
N4568	1563
N4129	1564
N4571	1565
N4573	1566
N4522	1567
N2473	1568
N4578	1569
N4579	1570
N448	1571
N4580	1572
N4582	1573
N4583	1574
N49	1575
N4586	1576
N4588	1577
N4590	1578
N4592	1579
N1330	1580
N4599	1581
N4603	1582
N4605	1583
N2913	1584
N4606	1585
N4604	1586
N505	1587
N4607	1588
N4617	1589
N4619	1590
N4610	1591
N4621	1592
N4620	1593
N4622	1594
N4623	1595
N4105	1596
N4629	1597
N4630	1598
N4631	1599
N156	1600
N4633	1601
N4634	1602
N4635	1603
N4636	1604
N4637	1605
N4624	1606
N4639	1607
N4641	1608
N4642	1609
N4643	1610
N3010	1611
N2646	1612
N4644	1613
N2674	1614
N4645	1615
N4646	1616
N4647	1617
N4648	1618
N4649	1619
N4650	1620
N2503	1621
N4651	1622
N4655	1623
N4627	1624
N3198	1625
N4450	1626
N4661	1627
N4660	1628
N4662	1629
N4667	1630
N4625	1631
N4668	1632
N4669	1633
N2819	1634
N2827	1635
N4659	1636
N3397	1637
N4671	1638
N580	1639
N4673	1640
N2183	1641
N2238	1642
N4674	1643
N4676	1644
N4678	1645
N4680	1646
N3	1647
N2572	1648
N4681	1649
N484	1650
N4684	1651
N4685	1652
N4688	1653
N4689	1654
N4691	1655
N4694	1656
N4695	1657
N4698	1658
N4697	1659
N4703	1660
N4704	1661
N4701	1662
N4705	1663
N4707	1664
N4709	1665
N4710	1666
N4711	1667
N4714	1668
N303	1669
N3269	1670
N4716	1671
N4720	1672
N4721	1673
N1836	1674
N1243	1675
N2233	1676
N4150	1677
N1325	1678
N229	1679
N3592	1680
N4726	1681
N4727	1682
N4729	1683
N4730	1684
N4731	1685
N4732	1686
N2563	1687
N2561	1688
N4734	1689
N2560	1690
N4735	1691
N4736	1692
N1751	1693
N4737	1694
N4741	1695
N231	1696
N4745	1697
N4748	1698
N179	1699
N2588	1700
N1181	1701
N3521	1702
N4751	1703
N4746	1704
N4756	1705
N2987	1706
N4759	1707
N4760	1708
N4762	1709
N1401	1710
N1783	1711
N4765	1712
N4738	1713
N4767	1714
N4769	1715
N3329	1716
N250	1717
N4771	1718
N4772	1719
N2937	1720
N4773	1721
N4775	1722
N4777	1723
N4778	1724
N4779	1725
N1147	1726
N4781	1727
N4776	1728
N4780	1729
N786	1730
N4783	1731
N4787	1732
N2582	1733
N4789	1734
N4792	1735
N4793	1736
N4794	1737
N4795	1738
N4797	1739
N4798	1740
N4799	1741
N75	1742
N4803	1743
N4654	1744
N4804	1745
N4806	1746
N2668	1747
N4807	1748
N4808	1749
N4812	1750
N4581	1751
N347	1752
N1180	1753
N1170	1754
N4813	1755
N4817	1756
N4818	1757
N3123	1758
N4820	1759
N4815	1760
N4821	1761
N4598	1762
N1665	1763
N4823	1764
N4824	1765
N4825	1766
N4828	1767
N4829	1768
N4831	1769
N4833	1770
N4834	1771
N4835	1772
N4836	1773
N4837	1774
N4838	1775
N4839	1776
N1292	1777
N4841	1778
N4842	1779
N421	1780
N4843	1781
N1168	1782
N18	1783
N4846	1784
N4847	1785
N608	1786
N4849	1787
N1929	1788
N4854	1789
N4855	1790
N4189	1791
N4858	1792
N2016	1793
N4863	1794
N2399	1795
N1815	1796
N4864	1797
N4865	1798
N765	1799
N151	1800
N4866	1801
N819	1802
N4867	1803
N4868	1804
N4869	1805
N4870	1806
N3053	1807
N4871	1808
N4872	1809
N4873	1810
N4874	1811
N4875	1812
N4876	1813
N4879	1814
N4877	1815
N4850	1816
N1506	1817
N4883	1818
N2148	1819
N4819	1820
N4862	1821
N4887	1822
N4888	1823
N4891	1824
N4890	1825
N4892	1826
N4127	1827
N4896	1828
N4897	1829
N4902	1830
N4900	1831
N4904	1832
N4910	1833
N4908	1834
N2975	1835
N4913	1836
N237	1837
N4914	1838
N4918	1839
N4920	1840
N4922	1841
N4919	1842
N900	1843
N4928	1844
N1323	1845
N4930	1846
N4932	1847
N4594	1848
N924	1849
N2082	1850
N1354	1851
N3282	1852
N2356	1853
N545	1854
N4936	1855
N1841	1856
N4937	1857
N4942	1858
N4945	1859
N4946	1860
N2177	1861
N2412	1862
N4958	1863
N4960	1864
N4959	1865
N4962	1866
N4966	1867
N4111	1868
N4968	1869
N4964	1870
N4971	1871
N4973	1872
N4977	1873
N3340	1874
N1816	1875
N1749	1876
N2405	1877
N4983	1878
N4984	1879
N4986	1880
N4985	1881
N4987	1882
N4988	1883
N4989	1884
N4990	1885
N4992	1886
N4994	1887
N5004	1888
N5005	1889
N5008	1890
N5010	1891
N195	1892
N4993	1893
N5013	1894
N5014	1895
N5002	1896
N5019	1897
N2830	1898
N2831	1899
N1807	1900
N5001	1901
N5023	1902
N5026	1903
N5027	1904
N5028	1905
N5029	1906
N5032	1907
N5030	1908
N5033	1909
N5034	1910
N5035	1911
N4755	1912
N5036	1913
N5037	1914
N3222	1915
N768	1916
N5039	1917
N3894	1918
N5041	1919
N5043	1920
N5000	1921
N5044	1922
N5045	1923
N189	1924
N5046	1925
N108	1926
N5047	1927
N5049	1928
N1951	1929
N5052	1930
N5053	1931
N1972	1932
N5054	1933
N5055	1934
N5056	1935
N5057	1936
N5058	1937
N5060	1938
N5064	1939
N5066	1940
N5067	1941
N2664	1942
N5069	1943
N526	1944
N5071	1945
N5072	1946
N2210	1947
N5074	1948
N1792	1949
N5080	1950
N5081	1951
N4832	1952
N5083	1953
N1798	1954
N867	1955
N4657	1956
N47	1957
N5086	1958
N5087	1959
N5089	1960
N5090	1961
N5092	1962
N4463	1963
N5094	1964
N5096	1965
N5098	1966
N5102	1967
N5103	1968
N3446	1969
N5108	1970
N5100	1971
N5109	1972
N5110	1973
N4504	1974
N5111	1975
N5112	1976
N5113	1977
N5114	1978
N3541	1979
N5115	1980
N2424	1981
N5116	1982
N1436	1983
N3558	1984
N5120	1985
N5121	1986
N5122	1987
N5123	1988
N1397	1989
N5128	1990
N5129	1991
N5130	1992
N5132	1993
N5134	1994
N4947	1995
N5135	1996
N5136	1997
N758	1998
N4512	1999
N5140	2000
N2432	2001
N5141	2002
N5142	2003
N168	2004
N5143	2005
N3913	2006
N4972	2007
N5144	2008
N5137	2009
N5145	2010
N5146	2011
N5149	2012
N2141	2013
N5152	2014
N817	2015
N1892	2016
N5154	2017
N5155	2018
N830	2019
N5158	2020
N458	2021
N5159	2022
N1872	2023
N5160	2024
N5162	2025
N5165	2026
N5166	2027
N5167	2028
N5170	2029
N320	2030
N5063	2031
N5172	2032
N5173	2033
N5174	2034
N5177	2035
N5178	2036
N5181	2037
N5182	2038
N5183	2039
N5184	2040
N2438	2041
N5189	2042
N5190	2043
N1500	2044
N5193	2045
N5147	2046
N5194	2047
N1833	2048
N5195	2049
N5196	2050
N5197	2051
N5199	2052
N5201	2053
N5203	2054
N2528	2055
N5204	2056
N3538	2057
N5207	2058
N5208	2059
N5209	2060
N5211	2061
N5215	2062
N5217	2063
N5213	2064
N5218	2065
N5216	2066
N5219	2067
N5222	2068
N5223	2069
N5224	2070
N5225	2071
N5226	2072
N2700	2073
N5228	2074
N5229	2075
N5231	2076
N1714	2077
N5234	2078
N5235	2079
N1775	2080
N5236	2081
N5237	2082
N5239	2083
N1669	2084
N5243	2085
N5244	2086
N2792	2087
N5247	2088
N3689	2089
N5248	2090
N5249	2091
N3094	2092
N5250	2093
N2011	2094
N5252	2095
N5253	2096
N1435	2097
N843	2098
N5255	2099
N5256	2100
N5257	2101
N5258	2102
N5259	2103
N5125	2104
N5260	2105
N1855	2106
N2707	2107
N5261	2108
N5263	2109
N5264	2110
N5265	2111
N5266	2112
N5268	2113
N5271	2114
N5274	2115
N4354	2116
N5275	2117
N5277	2118
N5278	2119
N5282	2120
N5283	2121
N5287	2122
N5288	2123
N5221	2124
N5292	2125
N2092	2126
N5220	2127
N2968	2128
N5295	2129
N3144	2130
N632	2131
N5297	2132
N5298	2133
N5299	2134
N5296	2135
N5301	2136
N5303	2137
N5304	2138
N5305	2139
N5306	2140
N685	2141
N3766	2142
N3526	2143
N5307	2144
N5308	2145
N5310	2146
N2929	2147
N5311	2148
N5312	2149
N5315	2150
N1919	2151
N5187	2152
N3879	2153
N5316	2154
N5317	2155
N2197	2156
N5318	2157
N5319	2158
N5320	2159
N5321	2160
N5107	2161
N1871	2162
N1017	2163
N5322	2164
N1780	2165
N2804	2166
N5323	2167
N5324	2168
N5325	2169
N5327	2170
N1962	2171
N2540	2172
N5331	2173
N5332	2174
N5333	2175
N5334	2176
N3981	2177
N2173	2178
N5337	2179
N5338	2180
N5341	2181
N718	2182
N5339	2183
N5340	2184
N5345	2185
N5346	2186
N5347	2187
N5344	2188
N5349	2189
N5351	2190
N5342	2191
N5356	2192
N5358	2193
N5360	2194
N5361	2195
N5362	2196
N139	2197
N1437	2198
N1997	2199
N5348	2200
N5352	2201
N5369	2202
N5059	2203
N5370	2204
N5353	2205
N5371	2206
N5373	2207
N5374	2208
N5376	2209
N5377	2210
N5378	2211
N3378	2212
N5380	2213
N5381	2214
N5382	2215
N5384	2216
N5385	2217
N5387	2218
N3225	2219
N5389	2220
N5392	2221
N5393	2222
N5383	2223
N5395	2224
N5394	2225
N268	2226
N5396	2227
N5398	2228
N5399	2229
N5400	2230
N5330	2231
N5401	2232
N5402	2233
N5403	2234
N5404	2235
N5405	2236
N5406	2237
N5407	2238
N5409	2239
N1245	2240
N5410	2241
N5411	2242
N4287	2243
N4233	2244
N3254	2245
N5415	2246
N834	2247
N5416	2248
N5417	2249
N2942	2250
N5419	2251
N3567	2252
N4153	2253
N5422	2254
N1062	2255
N2750	2256
N1568	2257
N5423	2258
N5424	2259
N5425	2260
N5427	2261
N5429	2262
N5431	2263
N5433	2264
N5434	2265
N412	2266
N1739	2267
N5438	2268
N5440	2269
N4188	2270
N177	2271
N5441	2272
N5442	2273
N5446	2274
N5447	2275
N5449	2276
N5450	2277
N5452	2278
N5453	2279
N5454	2280
N5457	2281
N5458	2282
N5459	2283
N5460	2284
N5461	2285
N5462	2286
N5463	2287
N5466	2288
N5464	2289
N5468	2290
N1378	2291
N5465	2292
N5470	2293
N5472	2294
N5477	2295
N5479	2296
N5476	2297
N5480	2298
N5481	2299
N5482	2300
N2472	2301
N5487	2302
N5488	2303
N5489	2304
N5490	2305
N5491	2306
N513	2307
N334	2308
N5492	2309
N5493	2310
N5494	2311
N5495	2312
N2593	2313
N5496	2314
N5418	2315
N5499	2316
N5500	2317
N5502	2318
N5503	2319
N4747	2320
N1824	2321
N1052	2322
N5504	2323
N183	2324
N5497	2325
N482	2326
N5509	2327
N5175	2328
N5511	2329
N5512	2330
N567	2331
N5514	2332
N5516	2333
N5518	2334
N5519	2335
N5520	2336
N5522	2337
N5523	2338
N5524	2339
N5526	2340
N5527	2341
N1357	2342
N5528	2343
N5529	2344
N5530	2345
N5532	2346
N2776	2347
N5534	2348
N1317	2349
N5535	2350
N5538	2351
N5539	2352
N5540	2353
N5541	2354
N5542	2355
N1282	2356
N5543	2357
N5544	2358
N5545	2359
N2793	2360
N3620	2361
N668	2362
N5546	2363
N5547	2364
N5548	2365
N5549	2366
N1352	2367
N5550	2368
N5552	2369
N5553	2370
N346	2371
N5093	2372
N4286	2373
N5557	2374
N855	2375
N5563	2376
N5564	2377
N5565	2378
N2686	2379
N1106	2380
N730	2381
N5566	2382
N5448	2383
N5567	2384
N5568	2385
N5569	2386
N5570	2387
N5573	2388
N5571	2389
N5575	2390
N5577	2391
N5578	2392
N5579	2393
N5581	2394
N3642	2395
N5584	2396
N5585	2397
N5587	2398
N2631	2399
N457	2400
N5590	2401
N5591	2402
N5592	2403
N5594	2404
N5595	2405
N5596	2406
N5597	2407
N5599	2408
N5300	2409
N3070	2410
N5604	2411
N5606	2412
N5608	2413
N699	2414
N407	2415
N4197	2416
N5572	2417
N5085	2418
N1629	2419
N5613	2420
N5614	2421
N5615	2422
N728	2423
N5616	2424
N5617	2425
N5618	2426
N5619	2427
N5621	2428
N5622	2429
N5623	2430
N5624	2431
N5626	2432
N1570	2433
N5627	2434
N5628	2435
N2763	2436
N5630	2437
N5633	2438
N5634	2439
N5636	2440
N5638	2441
N419	2442
N2749	2443
N5640	2444
N5641	2445
N5642	2446
N5610	2447
N5611	2448
N5644	2449
N5645	2450
N5646	2451
N5649	2452
N5648	2453
N5651	2454
N1624	2455
N1098	2456
N5652	2457
N5655	2458
N214	2459
N5658	2460
N5660	2461
N5661	2462
N5662	2463
N5666	2464
N5667	2465
N5593	2466
N5670	2467
N5671	2468
N5672	2469
N5673	2470
N5674	2471
N5675	2472
N5677	2473
N5678	2474
N5679	2475
N5676	2476
N1234	2477
N2692	2478
N4933	2479
N5682	2480
N5685	2481
N5687	2482
N5688	2483
N5690	2484
N1737	2485
N5692	2486
N5693	2487
N5694	2488
N5695	2489
N117	2490
N5696	2491
N3292	2492
N5700	2493
N5702	2494
N5704	2495
N5705	2496
N5707	2497
N5708	2498
N5709	2499
N5710	2500
N5680	2501
N5711	2502
N5712	2503
N5684	2504
N5689	2505
N5715	2506
N5716	2507
N5717	2508
N5719	2509
N5469	2510
N517	2511
N5723	2512
N5724	2513
N5726	2514
N5727	2515
N5728	2516
N5730	2517
N1152	2518
N136	2519
N5729	2520
N5732	2521
N5731	2522
N1539	2523
N5733	2524
N5735	2525
N5736	2526
N5737	2527
N5734	2528
N5738	2529
N5741	2530
N327	2531
N5744	2532
N5745	2533
N5746	2534
N5749	2535
N5750	2536
N5752	2537
N5753	2538
N222	2539
N5757	2540
N1185	2541
N5759	2542
N5760	2543
N5761	2544
N5762	2545
N393	2546
N3841	2547
N5763	2548
N5764	2549
N5765	2550
N5766	2551
N5767	2552
N301	2553
N5768	2554
N5620	2555
N5769	2556
N5770	2557
N5773	2558
N4311	2559
N5775	2560
N5777	2561
N4608	2562
N5778	2563
N85	2564
N5779	2565
N5780	2566
N5782	2567
N1010	2568
N5784	2569
N5785	2570
N5786	2571
N5781	2572
N5774	2573
N5789	2574
N5790	2575
N4290	2576
N5791	2577
N5792	2578
N5793	2579
N5794	2580
N5795	2581
N5796	2582
N5797	2583
N5798	2584
N5799	2585
N5800	2586
N5748	2587
N2939	2588
N3303	2589
N5806	2590
N171	2591
N3520	2592
N5809	2593
N5810	2594
N5811	2595
N5813	2596
N5815	2597
N5814	2598
N5817	2599
N5818	2600
N5697	2601
N5819	2602
N5821	2603
N5824	2604
N5827	2605
N2058	2606
N1650	2607
N5829	2608
N5833	2609
N5834	2610
N5831	2611
N4782	2612
N5837	2613
